review_id,rating,text,language,date,park
1,1.0,"Amsterdam ZuidOost heeft een mooie park waar er af en toe wat ongeorganiseerd georganiseerd wordt. Wat slecht.
Laat het park maar met rust als je oa niet kan organiseren dat bezoekers bij extreem weer (zon of regen) onderdak  of zit plekken heeft. GRATIS tip voor de gemeente: Denk aan uw moeder, grootmoeder of oma en maak vandaaruit een plan. üòé",nl,2025-07-05,Nelson Mandela Park
2,5.0,"Mooi toegankelijk park!
Zowel met openbaar vervoer, als met fiets, of auto te bereiken",nl,2025-07-28,Nelson Mandela Park
3,5.0,"Na jaren naar Kwaku gegaan.
Je moet nu wel entree betalen, maar het zag er goed uit.
Alleen de prijzen bij sommige stands. Niet grappig.
Genoeg te doen ook voor kids. Pinpas mee, je kan niet cash betalen of beperkt.",nl,2025-07-17,Nelson Mandela Park
4,1.0,"Ik kan de drankprijzen op het Kwaku Festival niet geloven, helaas denken we er niet meer aan om er nog eens naartoe te gaan. Is het wel re√´el dat een blikje Fanta 4,50 cent kost, terwijl het in de supermarkt kost 50 cent kost, terwijl je mag er 3 euro voor vragen? En een blikje klein bier kost 5,50 euro, terwijl vier blikjes 4,50 cent kosten in Lidl of Vomer . Dit is toch ongelooflijk?
Helaas ga ik niet meer naar Kwaku.",nl,2025-07-13,Nelson Mandela Park
5,4.0,"Dit park heeft voor ieder wat wils.
Wandelpaden, een speeltuin, een uitkijktoren,  skatepark en fitnessapparatuur.
In het midden van het park bevindt zich een voetbal en atletiekvereniging. Elk jaar vindt in de zomer het Kwaku festival plaats op het grasveld van het park.
Heeelijke plek om lekker te boarden of te bbqen.",nl,2017-10-09,Nelson Mandela Park
6,3.0,Hier geweest tijdens Kwaku. Beetje kaal park,nl,2025-07-15,Nelson Mandela Park
7,3.0,"Het was gezellig, goed bezocht maar niet cock vol. Eten was goed. Parkeerplaats in de buurt, parkeer tarief valt echt mee.",nl,2025-07-24,Nelson Mandela Park
8,5.0,Het park is groot. Genoeg plek voor meerdere mensen. Vooral op het Kwaku Festival is er een gezellige sfeer.,nl,2025-07-20,Nelson Mandela Park
9,4.0,"Het park is een oase van groen en rust, perfect om te ontsnappen aan de drukte van het dagelijks leven.",nl,2023-09-03,Nelson Mandela Park
10,5.0,"Was hier om toch even snel het sfeertje van het Kwaku festival (oorspronkelijk wordt het zo geschreven Kwakoe"") mee te pikken. De ongecompliceerde versie van het festival wat tegen nog gratis was, had meer charme, maar het blijft een leuke festival en de moeite waard om er een bezoekje aan te brengen. Zeker als je de exotische keukens kan waarderen en van wil genieten onder het genot van livemuziek. Ik hoop dat het betaalbaar en bereikbaar blijft voor de mensen waar het ooit voor bedoeld was.",nl,2022-07-31,Nelson Mandela Park
11,5.0,"Tijdens het Kwaku festival.  Heerlijk surinaams gegeten, en op het podium Al McKay met de EWF experience. Compleet met blazerssectie, alle nummers van Earth, wind and Fire.",nl,2024-07-31,Nelson Mandela Park
12,5.0,"Een leuk park met toevallig een atletiekbaan erbij, waar men ook goed vertoeven kan. Op 27 december bereikte mijn dochter op die baan met kogelslingeren de beste jaarprestatie van haar geboortejaar.  En het park legt ook een link naar mijn Zuid-Afrikaanse vrienden die ik heb gekregen door mijn vele vakanties in Zuid-Afrika en door de atletiek ook.  Een park om zeker terug te komen.",nl,2023-12-30,Nelson Mandela Park
13,4.0,Koninklijk concertgebouw concert in Nelson Mandela Park vrijdag 13 september 2024.,nl,2024-09-14,Nelson Mandela Park
14,4.0,Mooi en rustig park. Fijn om te wandelen of te zitten.,nl,2025-07-25,Nelson Mandela Park
15,4.0,"Naar Kwaku festival geweest, prima park, mag wat meer bomen hebben.",nl,2025-07-27,Nelson Mandela Park
16,5.0,Vooral het Kwaku evenement trekt mij ieder jaar en ieder weekend aan. Het is een overzichtelijk velig recreatief park voor sport spel picknick bbq skottle braai en chill time.,nl,2023-01-11,Nelson Mandela Park
17,4.0,Een mooi park dat zich bij uitstek leent voor een festival.,nl,2025-08-15,Nelson Mandela Park
18,3.0,Parkeren is wel lastig,nl,2025-07-24,Nelson Mandela Park
19,5.0,"De Molukse dag @Kwaku Festival was een zeer geslaagde dag. Prachtig weer, geweldige muzikanten, lekker eten & drinken. En elkaar weer kunnen knuffelen na 2 jaar Corona üòÄ!!",nl,2022-08-07,Nelson Mandela Park
20,5.0,Fijn park om je stappen te maken.,nl,2025-07-29,Nelson Mandela Park
21,5.0,Ik ben naar het festival van Oscar d' Leon gegaan en het was geweldig maar echt een groot park ook!!!,nl,2022-07-28,Nelson Mandela Park
22,4.0,"Leuke ervaring om in deze supewarme waterbron te gaan, de temperatuur is 42¬∞C
De extreme warmte heeft helende eigenschapoen voor spieren en gewrichten
Wissel dompelen in  de zee en de bron af (koud/warm)zo vaak ennlang  als je aangenaam vindt
Let niet op hoe het eruit ziet want deze bron is reeds 150 jaar oud",nl,2021-07-15,Nelson Mandela Park
23,4.0,"Kwaku summer festival, voor muziek, gezelligheid, en diverse heerlijke exotische eten..
Elk jaar van begin juli, tot begin Augustus in de weekenden.",nl,2023-08-05,Nelson Mandela Park
24,4.0,"Groot park in de Bijlmer, ligt er meestal netjes bij",nl,2025-09-12,Nelson Mandela Park
25,5.0,"Met een sportschool en zwembad gevestigd in het pand , goed personeel, schone zwembaden, geen incidenten is dit wel een plaats wat aan te raden is
Leuk voor in de vakanties of weekenden",nl,2024-06-20,Nelson Mandela Park
26,5.0,"Goed voor een wandeling ,sport ,fris neusje .",nl,2025-08-20,Nelson Mandela Park
27,4.0,Er mag best een bus stoppen daar.,nl,2025-07-14,Nelson Mandela Park
28,4.0,"Mooi ruim opgezet park om te wandelen, skeeleren of gewoon een beetje rondhangen",nl,2020-06-09,Nelson Mandela Park
29,5.0,Was weer een super jaar kwaku ik zeg blijven herhalen,nl,2025-08-03,Nelson Mandela Park
30,5.0,"KROSFAYA WAS AANWEXIG EN HET WAS REUZE GEZELLIG....
GEZELLIGE  MENSEN EN LEKKER ETEN!",nl,2025-07-30,Nelson Mandela Park
31,4.0,Ik vond het geweldig omdat er kwaku was,nl,2024-07-22,Nelson Mandela Park
32,4.0,"Mooi park, op zondagochtend ook veilig gevoel meestal. Wel kan er beter opgeruimd worden....",nl,2025-03-27,Nelson Mandela Park
33,4.0,Mogen meer schone gratis dames wc worden geplaatst.,nl,2022-03-25,Nelson Mandela Park
34,2.0,"Ze kunnen het beter een eet festival noemen.. alles draait daar om eten. Teveel eettentjes, vaak niet te eten en je betaalt veel voor weinig.
Het is er ook veel te druk, het publiek is ook niet gezellig, te druk met eten zoeken.
Het was vroeger een gezellige familie festival met dans en plezier voor ieder wat wils maar dat is lang geweest. Erg jammer.",nl,2024-08-18,Nelson Mandela Park
35,5.0,Kwakufestival wordt hier jaarlijks gehouden. Er wordt met alles rekening gehouden en dat het schoonblijft,nl,2024-07-22,Nelson Mandela Park
36,4.0,"Was daar in de sporthal, heel mooi en groot, verdere omgeving ken ik niet!!!!",nl,2023-11-09,Nelson Mandela Park
37,4.0,"Geweldig terrein om te kunnen feesten,sporten en zeker in de zomer genieten van het kwaku festival.
Alleen is get terrein relatief kleiner geworden door toedoen van ""juppen"" van buiten zuidoost, die niets begrijpen over feesten op een andere wijze als kleurlingen kunnen.",nl,2024-08-05,Nelson Mandela Park
38,4.0,Wat was het weer gezellig op kwaku.  Echt een leuke festival. 1 ster minder omdat bij de meeste eet plekjes er geen zit of staanplaatsen was ( denk dat de exploitant dan meer geld gaat betalen). Verder was het top.,nl,2024-07-27,Nelson Mandela Park
39,5.0,"Ja, fantastisch, niet veel van het park gezien maar een geweldig festival bezocht....KwakoeüíÉüíÉüíÉüíÉüíÉüíÉ",nl,2022-08-11,Nelson Mandela Park
40,5.0,Kan hier goed hardlopen,nl,2025-09-14,Nelson Mandela Park
41,5.0,Helaas niet meer zoals het oude Bijlmerpark met de vele bomen die het had alleen wel overzichtelijker. Alleen het onderhoud van het park kan vele malen beter. Tevens jammer dat er geen vaste plek is voor het verkoop van eten en drinken. En wat muziek mag er wel komen.,nl,2024-02-17,Nelson Mandela Park
42,5.0,Heerlijk park om te chillen en voor de kids om te spelen. Er zijn veel veldjes en bankjes om te zitten en speelgelegenheden voor de kids. Ook zijn er trainingsapparaat en om een workout te kunnen doen. Het sportterrein met hardloop circuit en voetbalveld is aan de wegkant gelegen en heeft gratis parkeergelenheid. In de zomer wordt in dit park tevens het jaarlijkse kwaku festival gehouden.,nl,2023-09-25,Nelson Mandela Park
43,5.0,Het park komt zomers echt tot leven en er wordt goed gebruik van gemaakt. Door kleurrijk zuidoost. Zowel op sportgebied als recreatief.,nl,2024-07-07,Nelson Mandela Park
44,5.0,Heerlijk prachtig omgeving.,nl,2020-03-08,Nelson Mandela Park
45,5.0,Prachtig park voor ons in Zuid Oost !!,nl,2019-04-01,Nelson Mandela Park
46,5.0,Ik was daar voor de kwaku festival,nl,2025-07-21,Nelson Mandela Park
47,5.0,Super leuk! Heb ook heerlijk gegeten,nl,2019-07-27,Nelson Mandela Park
48,5.0,"Heerlijk park om te wandelen met kinderen want er is een speelplaats. Je kan er ook prima wandelen met een hond, er is namelijk genoeg gras waar zij op kunnen spelen/rennen etc.",nl,2023-07-14,Nelson Mandela Park
49,4.0,"Goed verzorgd park, soms wat veel rommel die mensen achterlaten",nl,2024-12-07,Nelson Mandela Park
50,5.0,Goed vertoeven met kinderen en kleinkinderen in het park. Voldoende speel en fitness toestellen om jong en oud bezig te houden.  Je kunt gerust met een kleedje de dag doorkomen. De park wordt druk bezocht,nl,2023-06-06,Nelson Mandela Park
51,5.0,"Zijn druk met het park op te knappen.
Nieuwe brug en fietspaden.",nl,2021-07-22,Nelson Mandela Park
52,5.0,Ruim park in Amsterdam Zuidoost waar het prachtige nieuwe Nelson Mandela monument staat.,nl,2021-11-15,Nelson Mandela Park
53,4.0,"NELSON MANDELAPARK IS HEEL GROOT. Alles is voorzien om rusrig te wandelen. Picknicken, barbecues, sporten, voetballen, speciaal ontwikkelde speelplaats met fantasierijke apparaten voor alle leeftijden. Van gewoon spelen tot ingewikkelde sportoefeningen. IJSkramen viir lekker ijsje tot warme broodjes. Alle apparaten voor barbecuen is aanwezig. Het park is dag en nacht open. Foto's worden opnieuw gemaakt. Larer ter aanvulling geplaatst.",nl,2023-08-19,Nelson Mandela Park
54,4.0,"De kinderen vinden het er leuk!! Verder is er genoeg beweeg ruimte, geen rare taferelen. Ze mogen de speeltuin wat peuter vriendelijker maken of uitbreiden. Verder is het een redelijke leuk park.",nl,2023-06-10,Nelson Mandela Park
55,5.0,"Kwaku,  leuke sfeer, goede muziek en lekker eten",nl,2019-07-22,Nelson Mandela Park
56,5.0,"Heerlijk park, lekker rustig. Helemaal fantastisch met Kwaku ü•≥",nl,2021-08-09,Nelson Mandela Park
57,3.0,"Armoedig, veel rotzooi en bouwwerkzaamheden",nl,2025-05-13,Nelson Mandela Park
58,5.0,"Na een mooi zomerweekend is het er vaak rommelig, de gebruikers zouden hun bbq-rommel beter kunnen opruimen. Genoeg speelmogelijkheden voor kids en een leuk parkje voor een klein rondje hardlopen. Het zou fijn zijn als de atletiekbaan overdag toegankelijk is voor recreatieve sporters.",nl,2017-04-16,Nelson Mandela Park
59,4.0,"Zeer sfeervol en gezellig
Veel mogelijkheden",nl,2025-03-09,Nelson Mandela Park
60,4.0,"Klein maar leuk ingericht parkje. Ivm bezoek aan WAKU feest zijn we door een goed onderhouden parkje gelopen.  Voor skaten, skateboarden etc kun je daar ook te keer gaan. Blijkbaar openbaar barbecuen is mogelijk.",nl,2017-07-26,Nelson Mandela Park
61,5.0,Super gezellig. ...ieder1/ groepjes doet/deed zijn eigen ding. Het is een fantastische goed onderhouden park. Surveillance ook top.....en ze hebben er een prachtig nieuwe monument geplaatst recentelijk. ....fantastisch gewoon,nl,2021-09-10,Nelson Mandela Park
62,4.0,"Voor de eerste keer naar Kwaku geweest, vanwege Elvis Crespo, geweldige show. Sfeer was prima, niet te druk.",nl,2024-07-19,Nelson Mandela Park
63,3.0,Kwaku festival helaas maar 4 weken en inmiddels ook ten prooi aan gentrificatie. Komt deels doordat men de doelstelling compleet uit het oog heeft verloren bij het professionaliseren hetgeen broodnodig was. Authenticiteit wordt elk jaar minder. Vrees dat we straks friet en bier voorgeschreven krijgen omdat de gemeente totaal niet ge√Ønteresseerd is in de gemeenschap en haar historie. Professionalisering kan ook empathisch en met historisch besef worden doorgevoerd.,nl,2023-08-08,Nelson Mandela Park
64,4.0,Park is vrij toegangkelijk. Goed bereikbaar met openbaar vervoer en heeft meerdere entree's..Park heeft diverse sportaccomodaties..Indien wenselijk kun je hier goed relaxen om tot rust te komen..(Park heeft ook een vrije openbare WiFi verbinding)..Park is het bezoeken waard...,nl,2022-05-05,Nelson Mandela Park
65,4.0,‚ÄòSportpark‚Äô in Amsterdam Zuidoost. Ruim opgezet en voorzien van diverse sporttoestellen die regelmatig gebruikt worden. Er is ook een skatepark en uitgebreide mogelijkheid voor kleine kinderen om te spelen.  In de zomer laten sommige mensen op de plekken die gebuikt worden om te barbecue√´n wel erg veel vuil achter...,nl,2021-03-29,Nelson Mandela Park
66,3.0,"Voor mij is dit park de plek van Kwaku, jaarlijks kom ik hier en geniet van het lekkere eten en drinken. Qua park stelt het niet heel erg veel voor, vrij klein en weinig bomen.",nl,2023-07-26,Nelson Mandela Park
67,5.0,Leuk evenement KWAKU,nl,2025-08-11,Nelson Mandela Park
68,1.0,Verschrikkelijk.  Ik ga nooit meer. Alles ennoveral in alleen pin. Netgens meet contant. Parkeren is 15 euro. Toegang kaart ook 15.00 . Een bier van 1 Liter kost 15 euro. Gewoonweg Verschrikkelijk.  Ik ben klaar met kwakoe.,nl,2022-07-17,Nelson Mandela Park
69,2.0,"Weinig beschutting, veel bomen gekapt. Als het regent kan je nergens meer schuilen. En staat vol met sportvelden waarvan de helft nauwelijks gebruik van gemaakt word.
Park is ver achteruit gegaan vergeleken met het voorgaande bijlmerpark.",nl,2020-09-12,Nelson Mandela Park
70,4.0,Mooi park naast sportpark.,nl,2021-06-06,Nelson Mandela Park
71,4.0,"Dit is echt een hele leuke plaats voor jong en oud. Genoeg natuur, fijn om hier te trainen en genoeg trainapparaten. Erg jammer dat de gemeente hier huizen wilt gaan bouwen om het park kleiner te maken. Ik zou dit echt niet aanraden.",nl,2019-06-18,Nelson Mandela Park
72,4.0,"Heerlijk om te wandelen, graag zou ik meer grote bomen terug willen hebben. Verder kun je er wel bijna alles doen als het om sport gaat",nl,2023-01-30,Nelson Mandela Park
73,5.0,Gezellige Kwaku meegemaakt. Genoeg ruimte alleen het weer zat ons tegen. Verder prima geregeld en genoeg keuze aan muziek maar ook aan eten en drinken. Het blijft altijd gezellig,nl,2023-07-28,Nelson Mandela Park
74,5.0,"De plek waar het zeer beroemde kwakoe festival gehouden wordt. De meest beroemde artiesten treden hier op. Wordt in het weekend gehouden. Trekt vaak een miljoen bezoekers bij mooi weer. Er is van alles te beleven.  Van zang , dans, lekker eten, informatie over allerlei onderwerpen. Kindvriendelijke omgeving, rolstoelvriendelijk. Ehbo aanwezig. Politie en brandweer. Zijn ook aanwezig",nl,2018-07-19,Nelson Mandela Park
75,5.0,"Wat een feest met Sister Sledge!  Top georganiseerd en super gezellig met lekkere muziek tijdens en vooral na de optredens. Eten,  drinken  en veel gezelligheid.",nl,2023-08-18,Nelson Mandela Park
76,4.0,"Mooi park om in te rennen. Een fietspad is een beetje onlogisch vormgegeven maar verder goed uitgewerkt.

Mooi speel-tuintje en skate gelegenheid.

Met direct eraan vast het Bijlmer theater.
Een tijdelijk nadeel zijn de werkzaamheden aan de snelweg. Maar na deze werkzaamheden zal het park met 3 maal de grote van het Vondelpark zijn uitgebreid.",nl,2017-05-04,Nelson Mandela Park
77,5.0,Top en mooie omgeving  üëçüèæ‚ÄºÔ∏è,nl,2023-07-29,Nelson Mandela Park
78,5.0,Goed park met leuke wandelroutes.,nl,2025-02-15,Nelson Mandela Park
79,5.0,"Nelson Mandela park krijgt een pierenbadje voor de warme zomerperiode, hopelijk zal alles goed verlopen tijdens de verbouwing en de onderhoud voor de meerjarenplan voor kinderen en de bewoners.",nl,2024-01-18,Nelson Mandela Park
80,5.0,"Leuk park voor zowel kinderen als volwassenen. Vrij uitgebreide speeltuin, weinig tot geen zwerfafval, ruime looppaden, veel vogels en een prachtige vlindertoren.",nl,2017-12-27,Nelson Mandela Park
81,4.0,"Mooie plek in Amsterdam Zuidoost
Goed te parkeren",nl,2022-07-31,Nelson Mandela Park
82,4.0,"Super gazzelige park met enorm veel voorzieningen zoals speeltuin, water en zand speelbak, basketball veld, voetbal veld,  DJ hokje, BBQ en noem maar op. Er zijn ook WC's, maar niet altijd open. Er is genoeg drinkwater die je kan tapen in een eigen flesje. Er is geen horeca, dat is dan wel jammer. Zou fijn zijn om een ijsje of colaatje te kunnen kopen, maar op loop afstand is Amsterdamse Poort en dan is genoeg horeca.",nl,2019-06-29,Nelson Mandela Park
83,3.0,"Leuk om snel doorheen te rennen, maar helaas te weinig bomen. Er zijn er honderden, zo niet duizenden gekapt om er een meer open park van te maken. Zonde!",nl,2019-08-18,Nelson Mandela Park
84,2.0,"Ik was daar voor concert van Kool and the Gang, beetje jammer dat het veld niet zo groot was, zeker gezien de hoeveelheid mensen.
Wel heerlijk kunnen eten en drinken tijdens het Kwaku festival",nl,2018-07-20,Nelson Mandela Park
85,5.0,Mooie  groene en recreatieve park! Centraal gelegen in hartje Bijlmer! Daarnaast ook  geschikt  om er te sporten! Het heel jaar door kun  je er gezellig  wandelen of simpelweg recre√´ren!,nl,2021-03-06,Nelson Mandela Park
86,5.0,"Ik ben niet echt in het park geweest, maar het ziet wel allemaal prachtig uit! Mijn vader zit daar in het bejaardentehuis.",nl,2023-08-02,Nelson Mandela Park
87,5.0,"Ieder jaar wordt hier het Kwakoe Zomer Festival georganiseerd en duurt 4 weekenden lang. Tegenwoordig heet het Kwaku omdat de organisatie nu in andersmans handen is en dus niet meer volledig in surinaamse handen. Het Kwaku Festival is de grootse multiculturele Festival van Amsterdam en dus ook van Nederland. Het Festival wordt ieder jaar in de maand juli gehouden en is rasend populair. Het is gezellig vertoeven weekenden lang. Bezoekers komen uit heel Nederland. Maar ook uit het buitenland o.a. Suriname, Belgi√´, Duitsland. Dit Festival kent geen narigheden omdat iedereen voor de gezelligdheid gaat en om (oude) vrienden te ontmoeten. De surinaamse gezelligheid viert de boventoon en de politie heeft nauwelijks omkijken naar omdat het Festival hartstikke goed georganiseerd is. Ik zou zeggen : Ga een keer er naar toe en proef de sfeer. Mijn persoonlijke ervaring is fantastisch en er is altijd veel lekkers te eten !",nl,2022-07-30,Nelson Mandela Park
88,5.0,"Het is te gek, met me kinderen daar geweest eten en drinken gebracht, er was toevallig een BBQ die dag bezig met free food. Je moest alleen iets bijdragen, een glimlach.",nl,2019-09-03,Nelson Mandela Park
89,5.0,Kwaku zomerfestival. Gezellig en lekker eten.,nl,2019-08-25,Nelson Mandela Park
90,5.0,Mooie omgeving met goede paden her en der kunstwerken en je merkt niet dat je in de stad bent. Jammer alleen was dat de sloten uitgebaggerd waren maar dat dit nog niet opgeruimd was. Er waren stukken hierdoor moeilijk te bewandelen.,nl,2021-09-25,Nelson Mandela Park
91,5.0,"Een prachtig park om van alles te beleven. Veel ruimte en mogelijkheden voor de sportieve recreant, zo ook voor de wandelaar en fietser √© n voor mensen met een beperking.",nl,2021-11-14,Nelson Mandela Park
92,5.0,Jonna fraser op kwaku festival,nl,2025-08-01,Nelson Mandela Park
93,3.0,Omdat ik toch meer bomen mis waar men onder kan zitten als je lekker in de schaduw wilt zitten. Ook mis ook nog meer waterplezier voor de kids daar.,nl,2019-08-07,Nelson Mandela Park
94,4.0,Mijn man uit 1952 heeft zijn Booster gehaald en ik zijn vrouw uit 1954 mocht ook de booster krijgen ipv morgen. Alles goed geregeld op deze lokatie. Begrijp alleen niet waarom de 1 pfeizer en de ander moderna krijgt??,nl,2022-01-06,Nelson Mandela Park
95,5.0,"Je hebt daar nu het Kwakufestival, lekker ontmoeten, eten/drinken, dansen muziek",nl,2024-07-27,Nelson Mandela Park
96,5.0,"Kwaku was weer fantastisch, op naar volgend jaar. Hoop niet dat de gemeente anders beslist. Een event dat al zolang bestaat en jaarlijks nog steeds zoveel publiek trekt kan je toch niet stoppen of verplaatsen.",nl,2019-08-08,Nelson Mandela Park
97,4.0,Tja Kwaku..word daar gehouden en het is weer bjna zover over een paar dagen. Ik vind het wel gezellig hoor.voor ieders wat wil.lekker van alles proeven en natuurlijk altijd een lekker stukje Bolo/ taart halen bij de Pompeija tent. Zeker De moeite waard.üëåüèΩ,nl,2019-07-10,Nelson Mandela Park
98,4.0,Toffe speeltuin voor kinderen in alle leeftijden maar qua natuur stelt het niet zoveel voor. Door de aanleg van de A9 tunnel ligt het halve park overhoop.,nl,2019-03-17,Nelson Mandela Park
99,5.0,"Heerlijk rustig en vrij groot.  Goed om lekker uit te waaien, of als je even alle gedachten op een rijtje wilt hebben dan kan je je lekker laten gaan",nl,2022-05-26,Nelson Mandela Park
100,4.0,"Er zijn veel bomen weg gekaapt, oogt nu veel ruimtelijker. Mooie speeltuin en groot ligweide. Zeer geschikt voor kinderen.",nl,2021-06-12,Nelson Mandela Park
101,4.0,"Kwaku festival. Wordt jaarlijks gehouden. Begon als sportief gebeuren tussen de verschillende flats en groeide uit tot evenement voor de duur van de zomervakanties
Om kinderen gedurende de schoolvakantie sport enkele te bieden. Is nu een professioneel evenement welke jaarlijks meer dan honderdduizend bezoekers. Is de moeite waard het een te bezoeken. Duurt tot en.met het eerste weekend van Augustus. Volgend week Molukse dag als item. Vandaag is Gay-day. 4 augustus optreden van de wereldberoemde zoukformatie Kassav.",nl,2018-07-22,Nelson Mandela Park
102,2.0,"Kaal, droog en dor. Prettig dat ""fijne dag"" wordt beantwoord met aggressieve Afrikaanse retoriek. Park wordt bevolkt door schoonmakers van de gemeente, en heren die rond het middaguur een halve liter Export nuttigen. Naast het gebrek aan diversiteit aan flora, kan men hier altijd terecht om zwerfafval te bewonderen.",nl,2020-04-22,Nelson Mandela Park
103,2.0,Kwakoefestival; te druk en duur!,nl,2024-11-09,Nelson Mandela Park
104,2.0,"het kwaku festival, in het begin leuk voor het eten zijn er adressen waar je beter terecht kan en in de avond is de herrie van de grote bends die elkaar willen overstemmen onverdragelijk en niet goed voor je oren.",nl,2022-07-24,Nelson Mandela Park
105,5.0,Vanaf dag √©√©n dat het park open is wandel ik met plezier heerlijk om te zien hoe groener het wordt als de zomer nadert en kaal en doorgankelijk het wordt in de winter tijd,nl,2020-12-16,Nelson Mandela Park
106,4.0,"U, kunt er ringslangen aantreffen maar ook de ooienvaar , vinken,geelgors, mezen - soorten , wintertrekvogels , reigers - ook soms de witte , aalscholver , wilde ganzen - over trekken , vossen en egels .
Van de bouw activiteiten heeft U geen last , paden worden meermaals per dag schoon gehouden door de Aannemers en er is kontrole

Het is zeer goed toegankelijk voor : rollators , rolstoelen ( voor vissers moet nog het een & ander gebeuren ) op gebied van handicap )
Horeca is er spaarzaam aanwezig ( randen ) en grote delen zijn ook honden toegankelijk en zwemmen voor honden .
Het is 'n groeiend gebied , dat na de tunnelbouw 'n stuk groter & toegankelijker zal worden met vele mogelijke verbindingen naar andere recreatie & natuurtereinen open en gesloten gebieden .",nl,2017-10-07,Nelson Mandela Park
107,3.0,Waren bij Zuidoost United...weinig parkeerplek en vooral omdat men het parkeerdek niet opent...velden wel ok,nl,2024-04-11,Nelson Mandela Park
108,4.0,Leuke speel plaats lekker groot rnn8n dr zomer is er een waterpret gedeelte voor de kids. Ook geschikt om te bbqen,nl,2020-01-04,Nelson Mandela Park
109,5.0,"Lekker dank je,avonds doorheen gewandeld.",nl,2025-01-01,Nelson Mandela Park
110,4.0,"Mooi geworden met zelf afrekenen, word vriendelijk geholpen als je iets zoekt, vind aln dat de prijzen erg gauw omhoog gaan, maar doll op de 1+1 acties maakt het weer goed.",nl,2021-01-19,Nelson Mandela Park
111,3.0,Was daar Kwaku festival. Veels te druk,nl,2022-08-08,Nelson Mandela Park
112,5.0,Mooi en gezellige plek. Ben voor het eerst daar gegaan en het is een leuke plek om te genieten,nl,2022-08-03,Nelson Mandela Park
113,4.0,"Mooi overzichtelijk park met speeltoestellen voor kinderen, lekker wandelen, fietsen en relaxen is er ook geen probleem. Winkelcentrum Amsterdamse Poort vlakbij aanwezig.",nl,2022-05-14,Nelson Mandela Park
114,5.0,"Rustig, groot leuk park om te relaxen of fietsen. N.B.nooit van het markt eten, anders ben je meteen ziek en buik gaat springen.",nl,2017-07-09,Nelson Mandela Park
115,5.0,"Prachtig park in hartje Bijlmer. Gratis Wi-Fi door het hele park, meer dan genoeg speeltoestellen voor kinderen, hardlooproute inclusief afstandsmarkeringen en andere sportfaciliteiten.",nl,2017-09-27,Nelson Mandela Park
116,4.0,"Over het algemeen een rustig park met genoeg plek om een stukje te lopen, picknicken of sporten. Met openbare speeltuin en fitness aparaten.",nl,2021-09-14,Nelson Mandela Park
117,2.0,"Park ligt helaas voor een deel nog steeds in puin door de bouw van de gaasperdammertunnel. Veel achterstallig onderhoud door de gemeente, weinig bomen. Veel lawaai van de wegen, veel troep en overlast...",nl,2021-01-06,Nelson Mandela Park
118,5.0,"Voor het eerst naar Kwaku gegaan?! Dit had ik veel eerder moeten doen! Wat een gezelligheid, leuke mensen, multi culti (love it!), fantastisch eten en echte fine tunes. Voor ieder wat wils. Niet langer twijfelen, gewoon gaan. Het is nog tot 4 augustus feest, elke zaterdag en zondag. Ik overweeg nogmaals te gaan, maar nu met de kinderen. Ook de NABV (Nederlandse Airsoft Belangen Vereniging) is aanwezig, dus je mag na het inschrijven 50 Balletjes gratis schieten. Defensie is ook van de partij. Parkeren kost ‚Ç¨10, een volwassenen Ticket ‚Ç¨7 en de kinderen t/m 12 jaar gratis. Kost een beetje, maar dan heb je ook echt iets meegemaakt deze Summer 19!",nl,2019-07-14,Nelson Mandela Park
119,5.0,"Het Kwakoe festival is multicultureel. Er is gevarieerd muziek, eten en veel optredens uit het buitenland. Er is voor goede beveiliging gezorgd. Ehbo. Politie. Het is een uitje met familie.Alles is aanwezig . 6 weekenden Kwakoe festival!",nl,2018-08-06,Nelson Mandela Park
120,5.0,Beter als vroeger nu echt parkwaardigüëçüèæüëçüèæ,nl,2024-09-08,Nelson Mandela Park
121,4.0,In het park (Nelson Mandela Park))lekker bijkomen of gewoon even uitrusten langs de waterkant ..Vol op N@tuurrrrr üòäüéÑüå≥,nl,2017-06-02,Nelson Mandela Park
122,4.0,"Het was goed, ik hoop dat na renovatie het nog beter wordt",nl,2017-07-14,Nelson Mandela Park
123,5.0,"Er valt genoeg te doen in het park ....
Van hardlopen tot aan hondje uitlaten ,skaten en zelfs spelen met de allerjongsten onder ons",nl,2017-10-19,Nelson Mandela Park
124,4.0,leuke speelplaats voor kinderen,nl,2020-06-29,Nelson Mandela Park
125,2.0,"De sporttoestellen zijn defect, en wegens gebrek aan onderhoud is er mos, laagje ontstaan op de roze heuvels waar kinderen lelijk op uitglijden",nl,2017-01-02,Nelson Mandela Park
126,5.0,Genoten van het optreden van sister sledge en het publiek bij Kwaku. Heerlijk gegeten en unieke sfeer.,nl,2023-08-06,Nelson Mandela Park
127,4.0,Geniet altijd van het park! Kan niet wachten tot de fietspaden en het aangrenzende nieuwe park klaar zijn..Wordt prachtig!,nl,2021-08-08,Nelson Mandela Park
128,4.0,"Ik mis de natuur van het oude bijlmer park
En er gaat nog een stukje weg voor de nieuwbouw.
En aanwinst is het nieuwe beeld ter van Nelson Mandela.
En hopelijk komt er een verbinding met het tunnelpark/brasapark en het gaasperpark. Misschien dan herstel van de natuur?",nl,2022-05-01,Nelson Mandela Park
129,4.0,"De speeltuin, is leuk maar heeft wel onderhoud nodig. Verder genoeg ruimte voor recreatie",nl,2021-08-06,Nelson Mandela Park
130,4.0,Leuk stadspark naast de Amsterdamse poort. Daar lekker een bakje koffie gehaald en rondje door t park gelopen. Vanuit het Mandela park kan je rechtstreeks naar het Gaasperplas wandelen.,nl,2023-02-09,Nelson Mandela Park
131,2.0,"Wc vies en meestal gesloten. Speelattracties gevaarlijk. Geen speelmogelijkheid voor kinderen 0-4, alleen in combinatie met water.",nl,2018-09-15,Nelson Mandela Park
132,4.0,Leuk park om te joggen. Voor de kods is er een speeltuin en een waterparkje met zand.,nl,2023-03-13,Nelson Mandela Park
133,4.0,"Gezellig als er Kwaku is.
Veel verschillende culturen en muziek. Vergeet niet de grootste barbecue plek van Nederland...",nl,2019-07-18,Nelson Mandela Park
134,4.0,"Leuke park voor de kinderen, alleen mag de onderhoud beter, dit voor de veiligheid voor de kinderen.",nl,2023-05-07,Nelson Mandela Park
135,3.0,Groot open park midden in de bijlmermeer. Ziet er mooi uit maar wel saai. Jammer dat er zo weinig bomen zijn.,nl,2019-02-21,Nelson Mandela Park
136,5.0,Het is een mooi park met speel plek voor de kinderen en om lekker te chillen.,nl,2021-09-08,Nelson Mandela Park
137,3.0,"Kwaku festival in het voormalige Bijlmerpark nu het Nelson Mandelapark. Elk jaar terug komend festival een paar weekenden in juli en augustus. Veeeeeeel eten, overal muziek,verschillende podia en vooral genieten met elkaar. Multicultureel. Prachtig!",nl,2017-08-07,Nelson Mandela Park
138,1.0,"Te veel bezoekers die troep achterlaten, scooters verbranden, bijtpitbull 's, kortom zonde van al het geld wat er voor weggegooid is.
Geen aanrader,!!",nl,2018-06-13,Nelson Mandela Park
139,1.0,"Alle bomen zijn omgehakt  het is een kale grasvlakte met hier en daar een paar bomen. De ziel is eruit, hoop dat dit  het Gaasperpark bespaart blijft.",nl,2021-06-06,Nelson Mandela Park
140,5.0,"De eerste dag van de opening was boven verwachting, ik denk dat de mensen ernaar hebben uitgekeken. Het weer heeft ook een steentje bijdragen,Top!!!!",nl,2022-07-19,Nelson Mandela Park
141,4.0,Mooi lekker en schoon park om lekker te relaxen. Zit ook een handig trainingsveld voor de sporters,nl,2019-09-17,Nelson Mandela Park
142,4.0,"Leuk om te spelen voor grote kinderen, voor de hele kleintjes minder te doen.",nl,2023-02-19,Nelson Mandela Park
143,5.0,"Heerlijk park, veel ruimte. Mooie speeltuin, goed om te wandelen en te sporten.",nl,2021-10-10,Nelson Mandela Park
144,5.0,Heel goed speeltuin voor kinderen!,nl,2024-05-01,Nelson Mandela Park
145,4.0,Al vele jaren langs gereden maar nog nooit naar Kwaku geweest. Voor iedereen die van wat exotisch houd.... dit jaarlijkse evenement  is een echte aanrader,nl,2017-07-24,Nelson Mandela Park
146,4.0,Veel sportgelegenheid. Mooie grasvelden en rustige plekken om te zitten. Jammer dat het wel dichtbij een drukke weg ligt,nl,2020-11-08,Nelson Mandela Park
147,4.0,Relatief groot park waar veel gelegenheid is om lekker te zitten,nl,2022-06-23,Nelson Mandela Park
148,2.0,"Mooi park om lekker te vertoeven, maar helaas vaak flink vervuild wat het een stuk minder aantrekkelijk maakt.",nl,2020-02-20,Nelson Mandela Park
149,5.0,"Best wel leuk park eigenlijk. Mogelijkheden tot sporten, skaten en recreatie. Goede sfeer.",nl,2021-01-23,Nelson Mandela Park
150,5.0,"Leuk,groot mooi cultureel park, met veel bankjes en trapveldjes. Iedereen is welkom hier!",nl,2022-08-01,Nelson Mandela Park
151,4.0,Rustig vooral. In de zomer vaak druk met speelgelegenheid voor kinderwens. Aangrenzende voetbalvelden en een arletiek baan.,nl,2018-11-04,Nelson Mandela Park
152,5.0,It is fantastisch,nl,2022-08-18,Nelson Mandela Park
153,5.0,"We waren op het kwakoe festival . Daar kun je gezellig muziek luisteren, dansen,  etenen drinken.  Het ia een surinaams feest. Helemaal top.",nl,2017-07-25,Nelson Mandela Park
154,3.0,"Fiets er soms doorheen. Zou er voor mn lol geen tijd doorbrengen. Velen denken er blijkbaar net zo over, het is er bijna altijd leeg.",nl,2020-10-29,Nelson Mandela Park
155,5.0,Fijne park om kort in te wandelen. Er is altijd wel een plekje vrij op het gras.,nl,2022-06-28,Nelson Mandela Park
156,4.0,Het is ruim en er was kwakoe festival. Super leuk! Elk jaar 6 weekenden.,nl,2023-08-05,Nelson Mandela Park
157,5.0,Heel leuk,nl,2019-08-04,Nelson Mandela Park
158,4.0,"Leuk park, met mooie toestellen, jammer van de bierdoppen en jointjes met accessoires die er liggen in een kinder speelplaats",nl,2019-07-08,Nelson Mandela Park
159,5.0,"Voor de eerste keer naar het Kwaku Summer Festval geweest ...super leuke ervaring..
Volgend jaar ga ik zeker weer.‚ù§",nl,2019-08-05,Nelson Mandela Park
160,4.0,"De Nelson Mandelapark(Bijlmerpark) park met een skate baan , basketbal veld, voetbal vereniging Zuidoost united  speelrekken voor kinderen en een atletiek vereniging hier wordt ook in Juli  het Kwaku Festival gehouden.4 weken lang .",nl,2018-09-30,Nelson Mandela Park
161,3.0,Mooi en schoon park. Gezellig met mooi weer. Alleen zijn er wel veel fietsers,nl,2018-09-26,Nelson Mandela Park
162,5.0,"Het was die dag dat ik er was, Kwaku-festival. Gezellig Surinaams feest midden in de Bijlmer. Echte Surinaamse producten,  hapjes en Parbo-bier! Aan te bevelen!",nl,2017-08-02,Nelson Mandela Park
163,5.0,kwaku was gaaf,nl,2025-08-12,Nelson Mandela Park
164,2.0,"Vind er niks aan, groot, vlak en kaal. Wel prachtig kunstwerk.",nl,2023-10-15,Nelson Mandela Park
165,5.0,Momenteel zijn alle parken leuk nu voor mij. Lekker om in de lock down te wandelen en zuurstof te krijgen.,nl,2021-02-03,Nelson Mandela Park
166,5.0,Mooi park met loop-en fietspaden  skatebaan en speelgelegenheden voor kinderen,nl,2023-04-02,Nelson Mandela Park
167,4.0,"leuk plek om met je kinderen te gaan.
Er is een speelplek voor  kinderen en je kan je barbecueen.",nl,2019-08-14,Nelson Mandela Park
168,5.0,Heerlijk park voor jong en oud en alle culturen. Nooit saai altijd wat te beleven.,nl,2019-06-09,Nelson Mandela Park
169,4.0,Leuke park en vooral als het kwaku festival er is,nl,2020-09-29,Nelson Mandela Park
170,4.0,"Gelukkig geen allesverwoestende Parade meer
[2022] oh. Helaas zal de Parade het gras weer volledig verwoesten dit jaar",nl,2022-01-03,Nelson Mandela Park
171,5.0,"Er is veel te beleven op cultuur, sociaal en educatief gebied. De mooiste park van Nederland.",nl,2017-07-18,Nelson Mandela Park
172,5.0,Mooi park met veel sport en spel accomodaties. Ook een buiten workout is hier geen probleem,nl,2018-12-12,Nelson Mandela Park
173,4.0,Heerlijk park voor hardlopen e.d. Maar mis het oude park nog steeds. Het was veel mooier met veel bomen.,nl,2018-06-28,Nelson Mandela Park
174,5.0,"Het Kwaku concert was weer meer dan geweldig! Dank jullie, organisatie, hulde!!!!",nl,2017-07-25,Nelson Mandela Park
175,5.0,Gezellig park. Ruim. Veel groen. Relaxen. Eet en drinkgelegenheden aanwezig. Voldoende parkeergelegenheid.,nl,2019-07-28,Nelson Mandela Park
176,5.0,Lekker met de honden gewandeld en met mijn nichtjes in de speeltuin gespeeld. Het was een lekkere rustige dag in het parküòÅ,nl,2019-11-23,Nelson Mandela Park
177,3.0,"Ik vind het erg open in dit park, er zouden meer bomen mogen staan.",nl,2022-10-12,Nelson Mandela Park
178,5.0,Fijne plek voor kinderen om de spelen. Volwassen kunnen er ook lekker sporten,nl,2019-06-17,Nelson Mandela Park
179,4.0,Wat goed is dat je fijn kan wandelen en je zelf prettig leeg maak chill.,nl,2022-08-09,Nelson Mandela Park
180,5.0,"Lekker, excellent üëç",nl,2025-04-29,Nelson Mandela Park
181,5.0,Druk Gezellig en toch relax!,nl,2022-08-13,Nelson Mandela Park
182,4.0,"Mooi groen, hoort in Zuidoost....fijn om er te vertoeven. Voor een BBQ, wandelen, joggen en sporten...",nl,2019-09-07,Nelson Mandela Park
183,4.0,"Leuk park voor kinderen: klimmen, voetballen, skaten. Gratis parkeren blauwe kaart.",nl,2021-09-07,Nelson Mandela Park
184,4.0,Prima Kwaku festival meegemaakt!,nl,2017-08-07,Nelson Mandela Park
185,5.0,"Al verschillende malen geweest op Kwakufestival . Is makkelijk bereikbaar met openbaar vervoer ,maar ook met eigen.",nl,2018-07-28,Nelson Mandela Park
186,5.0,"Alleen ontzettend duur. 9,50 voor een barakip maar prijs waard. Ik heb genoten.",nl,2022-07-26,Nelson Mandela Park
187,5.0,We hadden het heel leuk en gezellig geweest vierde keer molukse dag  bij Kwaku .,nl,2022-07-30,Nelson Mandela Park
188,4.0,Fijn om met droog weer een buiten festival te hebben.  Ook alle lof voor organisatie van kwaku.,nl,2019-07-28,Nelson Mandela Park
189,5.0,"Zeer leuke park, voor jong en oudüëçgoed geregeld door de gemeente.",nl,2020-09-20,Nelson Mandela Park
190,4.0,Was naar Kwaku Festival geweest en het was erg gezellig maar oh zo druk. Artiest Oscar De Leone moest optreden.,nl,2022-07-23,Nelson Mandela Park
191,4.0,Prima park veel speel en loop ruimte het opruimen en toezicht kan beter.,nl,2019-07-18,Nelson Mandela Park
192,3.0,Voor kinderen is er een leuk speel gebied verder is het een saai park,nl,2021-04-21,Nelson Mandela Park
193,5.0,"Het kwakoe festival was leuk. Er was een gezellige sfeer met muziek, eten,drinken en gezellige mensen.",nl,2019-12-17,Nelson Mandela Park
194,5.0,Wel eventjes zoeken maar dan hebbie √≥√≥k wat... groot sport veld!üèë/‚öΩÔ∏è\üèà/lü•Ö,nl,2020-09-29,Nelson Mandela Park
195,5.0,"Mooi park, goed ge-upgrade ten op zichte van vroeger. üëåüèæüëåüèæ",nl,2022-08-26,Nelson Mandela Park
196,5.0,Grooot en voor alle leeftijden wel wat te doen. Mooi natuur/ wandelgebied,nl,2021-05-26,Nelson Mandela Park
197,5.0,Leuke plek voor recreatie maar ook voor evenementen zoals kwaku festival,nl,2019-08-20,Nelson Mandela Park
198,5.0,"Kwaku 2022 was weer geslaagd. Gezeligheid en lekker eten is, altijd een goede combinatie",nl,2022-08-06,Nelson Mandela Park
199,4.0,"Groot aangelegd park, lekker om te wandelen, spelen, skaten of hardlopen",nl,2020-09-30,Nelson Mandela Park
200,5.0,Wat een mooi park om te wandelen of doorheen te fietse.,nl,2022-03-24,Nelson Mandela Park
201,5.0,Een heel fijn park om met hele gezin tijd door te brengen.,nl,2017-11-05,Nelson Mandela Park
202,5.0,"Mooie park, zeer ruim opgezet. Waterspeeltuin erg leuk voor de kids.",nl,2021-09-30,Nelson Mandela Park
203,5.0,Heerlijk park. Zeker als de zon schijnt in de herfst üçÇ,nl,2022-11-23,Nelson Mandela Park
204,5.0,Heel mooi aangelegd park met plekken voor krachttraining en een mooie grote speeltuin.,nl,2018-06-10,Nelson Mandela Park
205,5.0,"Tja,.. grote park ,veel sport activiteiten en de diversiteit is leuk.",nl,2022-02-13,Nelson Mandela Park
206,5.0,Mijn park rust gezelligheid veel te doen voor de kids dit is echt mijn park om mijn rust te pakken of te sporten love it,nl,2020-01-10,Nelson Mandela Park
207,4.0,"Heel goed er te zijn,veel gezellige activiteiten.",nl,2018-08-10,Nelson Mandela Park
208,5.0,Mooi park om te wandelen en voor kids om te spelen,nl,2021-10-15,Nelson Mandela Park
209,5.0,Na jaren niet meer geweest is het onwijs veranderd. Een hele mooie plek geworden.,nl,2021-07-24,Nelson Mandela Park
210,5.0,Groot park met grote speeltuin die iok leuk is voor grotere kinderen,nl,2022-05-16,Nelson Mandela Park
211,3.0,"Ik heb geen idee hoe het park  eruit ziet of zo,  ben er alleen langs gereden",nl,2022-10-16,Nelson Mandela Park
212,5.0,Kwaku 2019 leuk maar veel te duur geworden 12.50 voor een fles parbobier üòë,nl,2019-08-04,Nelson Mandela Park
213,4.0,Leuke park om te wandelen. Vlakbij winkelcentrum. Nog leuker als Kwakoefestival in de buurt is,nl,2022-04-08,Nelson Mandela Park
214,4.0,Heel gezellig op kwakoe. Helaas geen foto gemaakt heb er geen tijd vuur gehad,nl,2019-07-21,Nelson Mandela Park
215,2.0,Veel rommel en ongure figuren in de avond. Voor de rest een mooi park.,nl,2020-04-17,Nelson Mandela Park
216,5.0,Geweldig park erg ruim. Leuke speelplaats voor kinderen.,nl,2019-05-01,Nelson Mandela Park
217,5.0,"Leuk mooi park met goeie body work out faciliteiten.

Nice beautiful park with good body work out facilities.",nl,2021-12-28,Nelson Mandela Park
218,5.0,Wat een heerlijke sfeer kan hier in de zomer ontstaan gezellig.,nl,2021-11-28,Nelson Mandela Park
219,4.0,"Bij Kwaku festival geweest, super gezellig ,leuke optredens en lekker gegeten .",nl,2022-08-07,Nelson Mandela Park
220,5.0,De functie  van park werd teniet gedaan door de functie van demonstratie podium. Geweldig!,nl,2020-06-11,Nelson Mandela Park
221,5.0,"Ouderwets genoten van de heerlijke sfeer,  lekker eten en drinken en geweldige organisatie! SUPER netjes üå∫üå∫üå∫‚ù§‚ù§‚ù§",nl,2019-08-31,Nelson Mandela Park
222,4.0,"Leuk park, grote speeltuin, veel sportfaciliteiten.",nl,2022-12-25,Nelson Mandela Park
223,5.0,Kwaku festival Molukse dag.lekker eten lagu lagu .Veel bekenden ontmoet.volgend jaar gaan we wat eerder.,nl,2019-07-28,Nelson Mandela Park
224,4.0,"We zijn naar kwaku geweest.
Andere jaren meer molukse kraampjes.
En het was belachelijk druk",nl,2022-08-04,Nelson Mandela Park
225,5.0,KWAKU KWAKU is perfect alles gaat rustig met elkaar om heerlijke muziek en grandioos lekker eten,nl,2022-07-25,Nelson Mandela Park
226,5.0,"Geweldige sfeer,  leuke muziek, mooi weer!!",nl,2022-08-07,Nelson Mandela Park
227,4.0,"Kwaku,  altijd gezellig en druk .jammer dat er alleen kon worden gepint...",nl,2022-07-23,Nelson Mandela Park
228,5.0,Wat lekker wandelen daar rust en reinheid is daar op zijn plaats.,nl,2021-11-16,Nelson Mandela Park
229,5.0,"Leuk om met de familie te zijn, en ook lekker om te kunnen sporten en relaxen..",nl,2022-04-28,Nelson Mandela Park
230,3.0,Druk aan het verbouwen,nl,2025-07-30,Nelson Mandela Park
231,5.0,Geweldig gevoel. Het lijkt alsof je in de natuur aan het wandelen bent terwijl je in een drukke stad bent.,nl,2019-08-13,Nelson Mandela Park
232,5.0,Her heeft gewoon veel te doen en het is elke keer weer leuk als je er heengaat.,nl,2021-06-01,Nelson Mandela Park
233,2.0,Ongezellig en veel te veel open ruimtes om dit een park te noemen.,nl,2021-12-21,Nelson Mandela Park
234,4.0,Was hier voor het kwaku festival. Echt top! Heerlijk eten & gezellige mensen.,nl,2019-07-22,Nelson Mandela Park
235,5.0,Leuk skateparkje voor de kids en genoeg andere speelgelegenheden vooral djbooth heel leuk,nl,2020-10-20,Nelson Mandela Park
236,4.0,Heel mooi park. Lekker groen. Kan hier lekker zitten en chillen.,nl,2019-08-23,Nelson Mandela Park
237,5.0,"Molukse dag in het Kwaku festival. Geweldige muziek, heerlijke sfeer, leuke mensen, lekker eten.",nl,2017-07-30,Nelson Mandela Park
238,5.0,Een leuke plek om te kunnen sporten of gewoon lekker te relaxen.,nl,2017-04-16,Nelson Mandela Park
239,5.0,Een super mooi park waar veel gesport kan worden,nl,2019-07-06,Nelson Mandela Park
240,4.0,Leuk en gezellig park met veel speel mogelijkheden.,nl,2019-04-12,Nelson Mandela Park
241,4.0,"Groot park, mooi!  Alleen met regen loopt het vol.",nl,2019-05-28,Nelson Mandela Park
242,5.0,"Festival meebeleefd en boven verwachting genoten. Prima locatie en strakke organisatie, mijn complimenten!",nl,2019-07-30,Nelson Mandela Park
243,3.0,Teveel open vlaktes en veelal speeltoestellen voor de kids > 2..,nl,2019-06-26,Nelson Mandela Park
244,4.0,"Leuk, gezellig en veel Surinaamse eten, maar toch is het niet meer, een Surinaamse festival /feest meer.",nl,2019-07-22,Nelson Mandela Park
245,5.0,Kwaku wordt hier gehouden; dat is geweldig. Buiten kwaku gewoon een mooi stadspark.,nl,2018-08-12,Nelson Mandela Park
246,5.0,"Ben daar op vakantie  geweest  heel mooi,mensen moeten er naartoe  gaan in Zuid-Afrika het is de moeite waard",nl,2018-08-13,Nelson Mandela Park
247,5.0,Heerlijk om te wandelen en te liggen in de heuvels met gras tijdens het festival kwaku,nl,2017-08-11,Nelson Mandela Park
248,5.0,"Fantastisch.je kan daar wandelen,sporten en genieten.",nl,2018-12-31,Nelson Mandela Park
249,4.0,Het is mooi leuk maar er waren kinderen die kattenkwaad uit haalen,nl,2020-02-23,Nelson Mandela Park
250,4.0,Zeer druk maar wel gezellig en lekker gegeten,nl,2022-08-03,Nelson Mandela Park
251,4.0,we zijn daar bij een concert geweest en dat vonden we geweldig Gente de Zona,nl,2023-07-24,Nelson Mandela Park
252,5.0,Mooi park om te rennen of wandelen ‚ô°,nl,2022-02-10,Nelson Mandela Park
253,5.0,Mooi park en vriendelijke mensen. Wat op valt dat het betg schoon is.,nl,2020-08-15,Nelson Mandela Park
254,5.0,Kwaku zeer gezellug multiculti feest met lekker eten en heerlijke muziek,nl,2019-07-27,Nelson Mandela Park
255,5.0,een geweldige plek om de middag alleen of met het familie door te brengen.,nl,2020-07-09,Nelson Mandela Park
256,3.0,"Fijn park lekker.
Niet veel beschutting bij de speeltoestellen.",nl,2018-05-11,Nelson Mandela Park
257,4.0,Heerlijk wandelen of spelen met de kinderen. Tevens de locatie van het jaarlijkse kwakoe festival,nl,2019-03-03,Nelson Mandela Park
258,4.0,"Kwaku festival heel leuk als je van Surinaams eten ,drinken,en vergeet de Surinaamse niet .",nl,2019-07-28,Nelson Mandela Park
259,5.0,Mooi park. Vooral in de zomer gezellig druk.,nl,2021-01-08,Nelson Mandela Park
260,5.0,Mooi plekje om lekker tot rust te komen,nl,2018-08-27,Nelson Mandela Park
261,5.0,Het was heel gezellig fijn en gemoedelijk leuke feest,nl,2022-07-17,Nelson Mandela Park
262,4.0,Een mooi park in (gedeeltelijk) troosteloze omgeving.,nl,2019-09-13,Nelson Mandela Park
263,4.0,Fijne plek om even tot rust te komen,nl,2022-05-03,Nelson Mandela Park
264,5.0,Helemaal top als er markt is je vindt bijna alles voor Surinaamse keuken,nl,2019-04-21,Nelson Mandela Park
265,5.0,"Gezellig,lekker eten en goed georganiseerd..dus in een woord,een geslaagde dag",nl,2019-07-21,Nelson Mandela Park
266,5.0,Top park vooral als er kwakoe is,nl,2019-08-15,Nelson Mandela Park
267,5.0,Leuke plek om effe rustig te chillen . En natuurlijk elk zomer kwaku festival.,nl,2017-05-12,Nelson Mandela Park
268,4.0,Leuk voor de kids en om zelf te chillen,nl,2020-08-18,Nelson Mandela Park
269,5.0,"Gezelligheid, happy people, lekker eten, muziek en goed georganiseerd!",nl,2019-08-13,Nelson Mandela Park
270,3.0,Erg leuk  en gezellig  MAAR VEEL TE DUUR,nl,2022-08-08,Nelson Mandela Park
271,5.0,Een peaceful park! Ik voel me rustig daar!,nl,2020-01-05,Nelson Mandela Park
272,5.0,"Mooie lokatie ter gelegenheid van Kwaku Festival
Voldoende parkeergelegenheid",nl,2022-08-01,Nelson Mandela Park
273,5.0,Heerlijke tijd gehad met neefjes en nichtjes. Leuk en levendig park!,nl,2019-08-10,Nelson Mandela Park
274,4.0,Gezellig mooi en leuk om te spelen,nl,2021-09-10,Nelson Mandela Park
275,3.0,Als het regent in sommige plekjes kunnen niet lopen.,nl,2021-10-22,Nelson Mandela Park
276,5.0,Kwaku festival met Sister Sledge was super. Ik heb genoten.,nl,2023-08-06,Nelson Mandela Park
277,5.0,Een heel fijne en gezellig park,nl,2021-03-01,Nelson Mandela Park
278,5.0,Prima plek voor de Kids en picknicken,nl,2023-09-17,Nelson Mandela Park
279,5.0,Leuk met kwakufestival....,nl,2017-07-23,Nelson Mandela Park
280,5.0,Kwaku altijd gezellig van 13 juli iedere weekend 4 weekenden,nl,2019-06-26,Nelson Mandela Park
281,5.0,Goed. Alles ging gestroomlijnd. Was een pretttige ervaring en geduldige bedieningüëç,nl,2022-05-03,Nelson Mandela Park
282,4.0,Mooi park waar je lekker kan sporten.,nl,2019-04-13,Nelson Mandela Park
283,3.0,"Aardig stadspark, nieuw ingericht en geopend in 2011, ontworpen door bureau Meccano.",nl,2019-10-05,Nelson Mandela Park
284,4.0,Overzichtelijk. Goed om te trainen. Jammer genoeg te weinig bomen.,nl,2019-08-27,Nelson Mandela Park
285,4.0,Niet direct het park zelf. Maar de festivals die hier gehouden worden. Gezellig.,nl,2017-07-19,Nelson Mandela Park
286,2.0,Leuk om even doorheen te wandelen.,nl,2020-03-11,Nelson Mandela Park
287,3.0,Kwaku valt weer tegen hier park dient voor niets,nl,2019-08-03,Nelson Mandela Park
288,5.0,Naar het kwaku festival geweest gezellig en goed georganiseerd.,nl,2022-07-24,Nelson Mandela Park
289,4.0,"Speelgedeelte, barbecuegedeelte, fitnesstoestellen, skatebaan, fietspaden, grasvelden, bomen.",nl,2019-10-08,Nelson Mandela Park
290,5.0,Zo fijn met zoveel sportaccommodaties in √©√©n park en dat in een grote stadüëç,nl,2019-03-02,Nelson Mandela Park
291,5.0,Kwaku festival was hier. Fijne omgeving.,nl,2024-08-19,Nelson Mandela Park
292,5.0,Mooi park om te lopen,nl,2023-08-04,Nelson Mandela Park
293,4.0,Mooi park met veel buitensport mogelijkheden,nl,2019-05-31,Nelson Mandela Park
294,5.0,"Mooie natuur, veel groen. Leuk om te wandelen.",nl,2021-11-13,Nelson Mandela Park
295,5.0,kwakoe kwakoe festival daar moet je bij zijn geweest om te zien hoe gaaf het isüòéüòéüòäüòä,nl,2019-07-14,Nelson Mandela Park
296,4.0,Leuke en gezellige sfeer,nl,2024-07-20,Nelson Mandela Park
297,5.0,"Heerlijk park,kwaku supergezellig",nl,2022-07-17,Nelson Mandela Park
298,4.0,Was al mooi in het verleden en nu nog mooier!!,nl,2022-03-20,Nelson Mandela Park
299,5.0,Zeer leuke plaats. Wervelende show van se√±or Oscar D'Leon ‚ù§,nl,2022-07-22,Nelson Mandela Park
300,4.0,"Ruim opgezet, sportpark, speel- en trimtoestellen, speelweide en voldoende fiets- en wandelpaden.",nl,2020-02-05,Nelson Mandela Park
301,5.0,"Was er tijdens het kwaku festival, heel erg genoten.",nl,2022-07-19,Nelson Mandela Park
302,3.0,Commerci√´le uitbuiting absurde prijzen !!!#!!! vanuit eerst een buurt volks aangelegenheid. . .,nl,2022-07-31,Nelson Mandela Park
303,5.0,Mooie park....je kunt er prachtige wandelingen maken...,nl,2019-08-28,Nelson Mandela Park
304,5.0,"Fijn park, mooi asfalt om te skaten",nl,2017-08-27,Nelson Mandela Park
305,5.0,Lekker grote park om een bbq te houden,nl,2019-12-16,Nelson Mandela Park
306,4.0,Kan weinig over het park zeggen was op kwakufestival,nl,2022-07-30,Nelson Mandela Park
307,3.0,Prima park veel ruimte wel jammer van de afgebrande bankjes,nl,2020-07-29,Nelson Mandela Park
308,5.0,Het park in amsterdam met veruit het meeste gras pro rato. Heel fijn.,nl,2020-09-09,Nelson Mandela Park
309,5.0,"Altijd rustig, mooi schoon en prachtige bloemen",nl,2019-04-03,Nelson Mandela Park
310,5.0,Mooi plek. Elk jaar Kwaku Festival. Eten muziek familie en vrienden,nl,2018-07-29,Nelson Mandela Park
311,5.0,"Mooi park voor Zuid Oost, erg trots!",nl,2017-08-24,Nelson Mandela Park
312,5.0,Prachtig park leuk voor de kids,nl,2021-06-21,Nelson Mandela Park
313,5.0,"Kwaku zomerfestival, leuke mensen en lekker eten met geweldige Cara√Øbische muziek.",nl,2019-08-05,Nelson Mandela Park
314,5.0,Super fijne dag gehad vriendelijke mensen,nl,2022-07-24,Nelson Mandela Park
315,4.0,Leuke plek na veel stadse drukte,nl,2019-11-10,Nelson Mandela Park
316,4.0,"Mooi park, gemeente doet hier mooie dingen!",nl,2019-09-11,Nelson Mandela Park
317,5.0,Mooi park. Wordt zeer intensief gebruikt door de Bijlmer bewoners,nl,2017-11-19,Nelson Mandela Park
318,3.0,Goede plaats,nl,2022-03-16,Nelson Mandela Park
319,5.0,Mooi park om die te lopen om the fietsen,nl,2018-02-01,Nelson Mandela Park
320,5.0,een mooie park voor jong en oud,nl,2019-04-18,Nelson Mandela Park
321,4.0,heerlijke plek om te bbqen en wandelen,nl,2017-06-01,Nelson Mandela Park
322,5.0,Was fantastisch Kwaku lekker eten en genieten van de muziek.,nl,2019-07-16,Nelson Mandela Park
323,5.0,Prachtige plek voor Kwaku festival!,nl,2023-07-25,Nelson Mandela Park
324,5.0,In december mag je rondjes op de atletiek baan rennen,nl,2020-12-16,Nelson Mandela Park
325,4.0,"De wc was gesloten, terwijl die wel open hoorden te zijn.",nl,2018-04-07,Nelson Mandela Park
326,5.0,"Gezellig, leuk, open, gied georganiseerde Kwaku!",nl,2019-08-02,Nelson Mandela Park
327,3.0,"Sportieve uitdagingen, ruimtelijk maar wel aparte boomverdeling",nl,2019-06-22,Nelson Mandela Park
328,3.0,"Ben niet in het park geweest, maar was werken in de gaasperdammer tunnel installatie.",nl,2021-01-29,Nelson Mandela Park
329,5.0,Super leuke speeltoestellen voor de kids,nl,2020-04-10,Nelson Mandela Park
330,5.0,Goeie skatebaan om te skaten met een jonko en beetje te chillen met je matties,nl,2021-03-15,Nelson Mandela Park
331,5.0,Geweldig park moet behouden worden,nl,2019-06-24,Nelson Mandela Park
332,4.0,Leuk parkje in zuidoost ook voor de kinderen,nl,2020-02-11,Nelson Mandela Park
333,3.0,N.Mandelapark is mooi en overzichtelijk alleen het weer moet wat mooier worden,nl,2021-05-10,Nelson Mandela Park
334,5.0,Heel goed om te ontspannen na je werk.,nl,2021-01-06,Nelson Mandela Park
335,3.0,"Mooi park, maar wat stijf en leeg. Liever gaasperpark",nl,2019-12-29,Nelson Mandela Park
336,4.0,mooi park en leuk voor hardlopen,nl,2022-02-13,Nelson Mandela Park
337,5.0,"Mooi park, boris en guus zijn dom",nl,2022-08-06,Nelson Mandela Park
338,3.0,Was op Kwakoe ..... mooie buurt. Heel netjes en leuke winklecentrum.,nl,2017-08-01,Nelson Mandela Park
339,3.0,Ben alleen effe langs gelopen. Dus oordeel kan ik niet echt geven.,nl,2018-12-02,Nelson Mandela Park
340,5.0,Prima park om hard te lopen.,nl,2022-06-05,Nelson Mandela Park
341,1.0,Niet de plaats maar het volgen door maps is vreselijk. Ik ben daar alleen langsgereden...,nl,2019-07-31,Nelson Mandela Park
342,4.0,Leuk spelen in de natuur voor de kids..,nl,2019-06-24,Nelson Mandela Park
343,5.0,Genoeg ruimte voor m'n fpv drone,nl,2021-02-09,Nelson Mandela Park
344,4.0,Gezellige park vooral met kwakoe festival,nl,2017-08-06,Nelson Mandela Park
345,5.0,Met het Kwakoe festival hier geweest. Mooie en ruime locatie.,nl,2019-08-21,Nelson Mandela Park
346,4.0,Groot park en leuk voor families,nl,2020-07-27,Nelson Mandela Park
347,5.0,Eerste zondag kwaku heel gezellig,nl,2023-07-21,Nelson Mandela Park
348,5.0,Mooi plekje om te sporten,nl,2016-12-06,Nelson Mandela Park
349,5.0,Prachtig groot park. Kwaku festival was mooi,nl,2019-09-14,Nelson Mandela Park
350,4.0,Heerlijk eten drinken en dansen met verschillende culturen.,nl,2019-08-01,Nelson Mandela Park
351,5.0,Kwaku summerfestival.... Heerlijk. Elk jaar weer een feestje!,nl,2017-09-18,Nelson Mandela Park
352,5.0,Top lekker eten leuke sfeer,nl,2017-07-18,Nelson Mandela Park
353,5.0,Lekkere plek om te sporten,nl,2019-11-05,Nelson Mandela Park
354,4.0,Mooie omgeving om lekker tot rust te komen.,nl,2019-10-18,Nelson Mandela Park
355,5.0,Heel leuk voor kinderen,nl,2019-08-13,Nelson Mandela Park
356,5.0,Lekker om te wandelen en sporten.üòÅ,nl,2018-03-01,Nelson Mandela Park
357,5.0,Leuke plek om te chillen,nl,2020-08-29,Nelson Mandela Park
358,5.0,Hele mooie omgeving en kindvriendelijke,nl,2020-10-14,Nelson Mandela Park
359,5.0,Leuke speeltuin voor de kids,nl,2017-09-05,Nelson Mandela Park
360,3.0,Mooi park om even te joggen,nl,2020-03-17,Nelson Mandela Park
361,5.0,Mijn kleinzoon vindt de speeltuin fantastisch.,nl,2020-03-07,Nelson Mandela Park
362,5.0,Jammer dat ze woningen hier willen komen bouwen,nl,2018-08-20,Nelson Mandela Park
363,5.0,Ruim top Park,nl,2024-08-22,Nelson Mandela Park
364,5.0,Even lekker shinen op het Kwaku Kwaku festival!,nl,2023-08-15,Nelson Mandela Park
365,4.0,Wel rustig maar weinig bomen,nl,2019-11-30,Nelson Mandela Park
366,5.0,Heerlijk om te wandelen,nl,2021-10-22,Nelson Mandela Park
367,5.0,Mooie plek voor evenementen. Vlakbij de trein.,nl,2018-08-20,Nelson Mandela Park
368,2.0,Veel te donker  als de avond/nacht valt,nl,2018-01-12,Nelson Mandela Park
369,3.0,Door werkzaamheden nu iets minder aantrekkelijk,nl,2017-05-28,Nelson Mandela Park
370,1.0,Groot grasveld met paar verdwaalde kerstbomen is geen park,nl,2019-01-03,Nelson Mandela Park
371,4.0,"Prima park, veel ruimte",nl,2020-07-05,Nelson Mandela Park
372,4.0,Grupo Niche was fafantastisch en in het algemeen goed georganiseerdüëç,nl,2019-08-07,Nelson Mandela Park
373,5.0,Heel mooie park üëç,nl,2021-09-22,Nelson Mandela Park
374,4.0,Ruim opgezet gezellig en redelijk schoon,nl,2019-07-22,Nelson Mandela Park
375,4.0,Mooi weer gezellig druk,nl,2022-03-05,Nelson Mandela Park
376,5.0,Leuke gezellige park,nl,2021-04-30,Nelson Mandela Park
377,4.0,Was rustig  kids hebben zich vermaakt,nl,2021-07-11,Nelson Mandela Park
378,5.0,Bijlmer gezelligheid. Iets te druk soms.,nl,2021-03-02,Nelson Mandela Park
379,5.0,Was super gezellig en mooi muziek,nl,2019-07-13,Nelson Mandela Park
380,5.0,Gezellig om te wandelen,nl,2019-09-05,Nelson Mandela Park
381,5.0,deze mooie plek van hele Nederland,nl,2019-07-29,Nelson Mandela Park
382,4.0,Omdat het mooi is en er van alles gebeurd. Mooi voor de nuurt,nl,2017-08-05,Nelson Mandela Park
383,5.0,Fantastisch om tussen zoveel nationaliteiten te  zijn.,nl,2019-08-04,Nelson Mandela Park
384,5.0,HEERLIJK GENIETEN HET = SCHOON KINDEREN VOLWASSENEN GEZAMENLIJK ONTSPANNEN,nl,2022-03-24,Nelson Mandela Park
385,5.0,Was er met kwaku altijd leuk en gezellig,nl,2019-07-27,Nelson Mandela Park
386,5.0,De kinderen kunnen zich met veel attributen vermaken,nl,2017-08-15,Nelson Mandela Park
387,5.0,Mooie plaats om de flatgebouwen te ontvluchten.,nl,2021-01-14,Nelson Mandela Park
388,5.0,"Waku festival,Molukse dag geweest!Leuk",nl,2019-09-29,Nelson Mandela Park
389,4.0,"Mooi park,  goed onderhouden",nl,2020-01-23,Nelson Mandela Park
390,5.0,Mooie park met veel voorzieningen,nl,2016-10-19,Nelson Mandela Park
391,5.0,Voor mij de mooiste Park,nl,2019-12-12,Nelson Mandela Park
392,5.0,Coronatest gedaan en uitslag was zeer positief!,nl,2020-10-30,Nelson Mandela Park
393,5.0,Het is echt puur de bijlmer en daar wordt ik gelukkig van,nl,2020-07-18,Nelson Mandela Park
394,5.0,Moooi park echt mooi,nl,2017-07-04,Nelson Mandela Park
395,5.0,Kwaku prachtig festival,nl,2024-07-21,Nelson Mandela Park
396,3.0,Savonds in donker gelopen met slechte straat verlichting.,nl,2020-10-26,Nelson Mandela Park
397,5.0,Zeggen de 5 sterren niet meer dan genoeg?,nl,2018-05-07,Nelson Mandela Park
398,4.0,Heel leuk voor kinderen,nl,2020-07-06,Nelson Mandela Park
399,5.0,Mooie park..Kwakoe multiculturele festival.,nl,2022-08-06,Nelson Mandela Park
400,5.0,Je kan hier goed sporten,nl,2021-04-18,Nelson Mandela Park
401,5.0,Erg leuk voor de kinderen,nl,2021-07-21,Nelson Mandela Park
402,4.0,Prachtig stukje park,nl,2019-07-28,Nelson Mandela Park
403,4.0,Geweldig genoten op het kwaku festival,nl,2018-07-22,Nelson Mandela Park
404,4.0,Mooie speel en recreatie plek,nl,2019-08-17,Nelson Mandela Park
405,1.0,Te weinig prullenbakken voor de asociale medemens,nl,2020-05-31,Nelson Mandela Park
406,5.0,Mooi park voor kwaku,nl,2019-07-20,Nelson Mandela Park
407,4.0,Leuke plek voor ontspanning,nl,2021-04-14,Nelson Mandela Park
408,3.0,Goed verbeterd jammer van de overlast alleen,nl,2018-04-21,Nelson Mandela Park
409,2.0,Kwaku veel te duur geworden,nl,2022-07-24,Nelson Mandela Park
410,4.0,Prima plek om te lunchen in het zonnetje,nl,2017-05-20,Nelson Mandela Park
411,5.0,Ik ging naar kwaku zomer festival,nl,2022-08-17,Nelson Mandela Park
412,5.0,Helemaal veranderd ten op zichte van vroeger..pfff,nl,2021-06-19,Nelson Mandela Park
413,4.0,Gezellig mooi park,nl,2019-08-11,Nelson Mandela Park
414,5.0,Geweldig vertoeven op kwakoe natuurlijk bij Patrick,nl,2019-07-28,Nelson Mandela Park
415,4.0,Ik was er op Kwaku verschrikkelijke wachtrijen.,nl,2022-08-07,Nelson Mandela Park
416,4.0,Wel heel veel kinderen en groten,nl,2020-06-22,Nelson Mandela Park
417,3.0,Onze meest bezochte park,nl,2018-01-19,Nelson Mandela Park
418,5.0,Fijn park voor de kids,nl,2020-07-09,Nelson Mandela Park
419,4.0,Geweldige ervaring kwaku festival,nl,2017-08-07,Nelson Mandela Park
420,4.0,Het is gratis parkeren en nette park is.,nl,2019-08-13,Nelson Mandela Park
421,5.0,Kwaku festival was heel leuk,nl,2022-07-30,Nelson Mandela Park
422,5.0,SUPER gezellige Kwaku festival,nl,2022-08-12,Nelson Mandela Park
423,5.0,Fijn om hard te lopen,nl,2019-10-05,Nelson Mandela Park
424,5.0,"Kwakoe festival, lekker dansen en eten...",nl,2019-07-28,Nelson Mandela Park
425,5.0,Deze gebouw helppen veel mensen,nl,2019-07-10,Nelson Mandela Park
426,4.0,"Kwaku, dus gewoon fijn!",nl,2018-12-22,Nelson Mandela Park
427,4.0,Kwaku time. Verder kom ik er niet,nl,2019-08-10,Nelson Mandela Park
428,5.0,Niet gevonden wat ik zocht.,nl,2023-09-03,Nelson Mandela Park
429,5.0,Heerlijk tot rust komen,nl,2018-05-27,Nelson Mandela Park
430,5.0,juist vleesworst gegeten op het kwaku festival,nl,2019-07-21,Nelson Mandela Park
431,4.0,Mooi open park,nl,2022-07-23,Nelson Mandela Park
432,5.0,Heel gezellig en groenen,nl,2019-05-16,Nelson Mandela Park
433,1.0,Rare buurt onveilig gevoel,nl,2021-09-18,Nelson Mandela Park
434,5.0,Lekker ruimtelijk park,nl,2018-02-27,Nelson Mandela Park
435,5.0,Zag er mooi uit,nl,2022-05-06,Nelson Mandela Park
436,5.0,Wordt een heel mooie verandering.,nl,2021-03-28,Nelson Mandela Park
437,5.0,Kwaliteit is hoog papa,nl,2024-04-28,Nelson Mandela Park
438,5.0,Top show van Roue Verveer weer,nl,2020-02-06,Nelson Mandela Park
439,5.0,Mooie locatie voor KWAKU festival.,nl,2019-08-04,Nelson Mandela Park
440,5.0,Super mooie locatie,nl,2022-07-31,Nelson Mandela Park
441,5.0,Leuke locatie,nl,2024-07-27,Nelson Mandela Park
442,5.0,"Naar kwaku
Oscar de Leon was geweldig",nl,2022-07-27,Nelson Mandela Park
443,5.0,Leuke dag gehad met Teu1,nl,2022-11-13,Nelson Mandela Park
444,5.0,Op naar volgend jaar kwakoe weer.,nl,2017-08-31,Nelson Mandela Park
445,5.0,Was goed georganiseerd. Kwakoe,nl,2023-08-13,Nelson Mandela Park
446,3.0,Mooi overzichtelijk terrein.,nl,2019-07-15,Nelson Mandela Park
447,5.0,Alleen jammer dat de test positief was!,nl,2020-10-29,Nelson Mandela Park
448,4.0,Het was een top avond met Oscar D'L√©on,nl,2022-07-22,Nelson Mandela Park
449,5.0,Heerlijk vertoeven met kinderen,nl,2018-05-31,Nelson Mandela Park
450,1.0,Lelijk en sfeerloos,nl,2024-09-08,Nelson Mandela Park
451,5.0,Was heel lekkertje in ochtend üèÉ,nl,2020-09-16,Nelson Mandela Park
452,5.0,Kwaku is ronduit te gek,nl,2019-07-13,Nelson Mandela Park
453,4.0,Leuk en mooie plats,nl,2018-08-15,Nelson Mandela Park
454,4.0,Het is een geweldig park,nl,2016-09-13,Nelson Mandela Park
455,5.0,Kan je heerlijk sporten.,nl,2019-08-15,Nelson Mandela Park
456,4.0,Heel mooie en rust.,nl,2020-05-30,Nelson Mandela Park
457,4.0,Mooi en  modern park.,nl,2020-03-19,Nelson Mandela Park
458,4.0,Je kan hier goed rondlopen,nl,2019-11-23,Nelson Mandela Park
459,3.0,Je moet er geweest zijn,nl,2019-08-11,Nelson Mandela Park
460,4.0,Coerver champions top daar,nl,2023-10-15,Nelson Mandela Park
461,5.0,Lekker spelen met water en zand,nl,2019-08-20,Nelson Mandela Park
462,4.0,Altijd gezellig bij kwakoe,nl,2017-07-30,Nelson Mandela Park
463,4.0,Groot ruimte voor kinderen,nl,2019-12-16,Nelson Mandela Park
464,5.0,Was heel goed,nl,2024-07-21,Nelson Mandela Park
465,5.0,Het is hier altijd gezellig,nl,2020-09-16,Nelson Mandela Park
466,5.0,Heel leuk wonen,nl,2018-01-01,Nelson Mandela Park
467,5.0,Is leuk heleemoiiii echt waaaaaw,nl,2020-09-17,Nelson Mandela Park
468,4.0,"1¬π√§y ik, o  .  o b3n n .  Nu ?",nl,2019-10-20,Nelson Mandela Park
469,5.0,Mooi! Rustig!,nl,2022-09-09,Nelson Mandela Park
470,5.0,Kids hebben genoten,nl,2022-08-15,Nelson Mandela Park
471,3.0,Kwaku is altijd gezellig,nl,2019-08-10,Nelson Mandela Park
472,4.0,Gewoon een fijn park,nl,2020-08-03,Nelson Mandela Park
473,5.0,Kwaku is altijd gezellig,nl,2019-07-14,Nelson Mandela Park
474,5.0,Was super gezellig kwaku,nl,2019-08-06,Nelson Mandela Park
475,3.0,Mooie park voor sport,nl,2017-03-05,Nelson Mandela Park
476,5.0,"Mooie park, en overzichtelijk",nl,2023-02-02,Nelson Mandela Park
477,5.0,Kwaku!!!Beste festival in de zomer ;),nl,2018-12-29,Nelson Mandela Park
478,5.0,Mooi park,nl,2023-07-03,Nelson Mandela Park
479,5.0,Goe mooie gebied,nl,2020-10-23,Nelson Mandela Park
480,5.0,Wat een sfeer hier!,nl,2022-02-03,Nelson Mandela Park
481,4.0,Lekker park en straks is de Parade daar,nl,2019-08-06,Nelson Mandela Park
482,5.0,Leuke festiviteit,nl,2024-08-01,Nelson Mandela Park
483,4.0,Ik Ben hier geboren en het is vantasties,nl,2018-02-21,Nelson Mandela Park
484,5.0,Altijd leuk en ongedwongen!,nl,2019-06-19,Nelson Mandela Park
485,5.0,Heerlijk park,nl,2017-09-27,Nelson Mandela Park
486,5.0,Was er voor de corona test,nl,2021-01-05,Nelson Mandela Park
487,5.0,Gezellig festival gehad!,nl,2017-07-30,Nelson Mandela Park
488,4.0,Langs gelopen,nl,2024-11-10,Nelson Mandela Park
489,5.0,Mooi.park,nl,2022-03-25,Nelson Mandela Park
490,5.0,Mooi stukje natuur,nl,2019-08-15,Nelson Mandela Park
491,5.0,Mooi park,nl,2023-08-08,Nelson Mandela Park
492,5.0,Kwaku festival is te gek!,nl,2019-07-13,Nelson Mandela Park
493,4.0,Kwaku festival was te gek!,nl,2019-08-11,Nelson Mandela Park
494,5.0,Plek om te relaxen,nl,2022-04-26,Nelson Mandela Park
495,4.0,Het festival was gezellig,nl,2023-07-24,Nelson Mandela Park
496,5.0,Kwaku is altijd een feest,nl,2023-07-23,Nelson Mandela Park
497,5.0,"Kwaku festival
Aanrader",nl,2022-07-25,Nelson Mandela Park
498,4.0,Mooi park,nl,2019-05-26,Nelson Mandela Park
499,4.0,Leuk park,nl,2019-06-22,Nelson Mandela Park
500,5.0,Mooi park,nl,2019-07-21,Nelson Mandela Park
501,4.0,Leuk park,nl,2019-10-22,Nelson Mandela Park
502,5.0,Heel goed,nl,2019-01-11,Nelson Mandela Park
503,4.0,Was daar met Kwaku Maluku Festival,nl,2018-11-18,Nelson Mandela Park
504,5.0,Mooi en rustig park,nl,2020-08-17,Nelson Mandela Park
505,3.0,Vrij weinig te doen,nl,2021-05-18,Nelson Mandela Park
506,3.0,Weinig bomen aanwezig,nl,2016-06-18,Nelson Mandela Park
507,5.0,üòé‚úäüèæ,nl,2020-12-29,Nelson Mandela Park
508,5.0,Kwaku was weer top!,nl,2022-08-01,Nelson Mandela Park
509,3.0,Park mag wat bruisender,nl,2017-06-25,Nelson Mandela Park
510,4.0,Heerlijk wandelgebied,nl,2023-07-09,Nelson Mandela Park
511,5.0,Groot park en de best in Amsterdam...,nl,2021-01-11,Nelson Mandela Park
512,5.0,Leuke kwaku lokatie,nl,2019-08-13,Nelson Mandela Park
513,5.0,Even lekker gewandeld,nl,2018-12-02,Nelson Mandela Park
514,5.0,Veel natuur en sportactiviteiten,nl,2019-08-29,Nelson Mandela Park
515,5.0,Lekkere wandeling gemaakt,nl,2020-07-28,Nelson Mandela Park
516,4.0,Lekker genoten in het Nelson Mandela Park,nl,2021-05-14,Nelson Mandela Park
517,4.0,Kwaku was weer top,nl,2019-08-18,Nelson Mandela Park
518,2.0,Niet zo bijzonder,nl,2021-09-11,Nelson Mandela Park
519,4.0,Wordt steeds mooier,nl,2021-03-06,Nelson Mandela Park
520,5.0,Kwaku was geweldig georganiseerd,nl,2019-07-27,Nelson Mandela Park
521,5.0,Kids Energie Kwijt,nl,2023-03-05,Nelson Mandela Park
522,5.0,Goed spul,nl,2020-10-11,Nelson Mandela Park
523,4.0,Mooi en nieuw park,nl,2019-10-09,Nelson Mandela Park
524,5.0,Mooi park,nl,2022-06-29,Nelson Mandela Park
525,4.0,Prachtig park.,nl,2019-07-30,Nelson Mandela Park
526,5.0,Mooi park,nl,2022-05-27,Nelson Mandela Park
527,5.0,Kwaku 2023 was geweldig,nl,2023-07-22,Nelson Mandela Park
528,4.0,"Relax, ligt centraal",nl,2022-07-08,Nelson Mandela Park
529,4.0,Mooi park,nl,2022-04-11,Nelson Mandela Park
530,5.0,Beste in de zomer met Kwakoe,nl,2022-08-09,Nelson Mandela Park
531,4.0,Kan je fijn jogge,nl,2019-11-03,Nelson Mandela Park
532,5.0,Mooi park,nl,2021-11-06,Nelson Mandela Park
533,4.0,Leuk stadspark in Amsterdam Zuidoost,nl,2017-06-25,Nelson Mandela Park
534,5.0,Prachtig park!,nl,2019-12-16,Nelson Mandela Park
535,4.0,Veweldog feest gehad,nl,2018-10-05,Nelson Mandela Park
536,5.0,Leuke plek,nl,2022-08-01,Nelson Mandela Park
537,4.0,Leuk park,nl,2021-07-16,Nelson Mandela Park
538,4.0,Erg leuk,nl,2021-07-17,Nelson Mandela Park
539,4.0,Leuk park,nl,2021-09-02,Nelson Mandela Park
540,5.0,Helemaal toppie üëçüëäüòâ,nl,2022-08-06,Nelson Mandela Park
541,3.0,Heel leuk,nl,2021-07-27,Nelson Mandela Park
542,5.0,Mooi park,nl,2021-03-13,Nelson Mandela Park
543,5.0,Heerlijk rustig.,nl,2020-02-02,Nelson Mandela Park
544,4.0,Gezellig en mooi groen,nl,2020-03-11,Nelson Mandela Park
545,4.0,Leuk park,nl,2021-04-04,Nelson Mandela Park
546,4.0,"Kwaku Festival , gezellig Festival",nl,2019-07-27,Nelson Mandela Park
547,5.0,Fijn Park,nl,2020-07-21,Nelson Mandela Park
548,4.0,Trots.,nl,2019-10-15,Nelson Mandela Park
549,4.0,Carlos 'de Leon...super,nl,2022-07-25,Nelson Mandela Park
550,5.0,Prachtige park,nl,2022-08-15,Nelson Mandela Park
551,4.0,Mooie plek in bijlmer,nl,2019-08-01,Nelson Mandela Park
552,4.0,Super gezellig,nl,2019-08-04,Nelson Mandela Park
553,2.0,üòÇüòÇüòÅüëéüëéüëéüëé,nl,2020-07-19,Nelson Mandela Park
554,5.0,Fijn park!,nl,2020-06-21,Nelson Mandela Park
555,3.0,Leuk,nl,2024-08-11,Nelson Mandela Park
556,5.0,Leuk speelplek. Suppeerrrr!!!!!!,nl,2021-04-10,Nelson Mandela Park
557,1.0,Was mooi druk,nl,2019-07-28,Nelson Mandela Park
558,4.0,Voor werk geweest,nl,2020-10-26,Nelson Mandela Park
559,5.0,Kwaku summerfestival Super!,nl,2017-07-18,Nelson Mandela Park
560,5.0,Leuke omgeving,nl,2017-11-21,Nelson Mandela Park
561,4.0,Leuke locatie,nl,2019-07-31,Nelson Mandela Park
562,5.0,Leuk en veilig,nl,2017-08-14,Nelson Mandela Park
563,1.0,Nee.,nl,2022-08-18,Nelson Mandela Park
564,5.0,Prachtig park,nl,2023-07-31,Nelson Mandela Park
565,5.0,Super mooi,nl,2018-07-28,Nelson Mandela Park
566,1.0,Lekker sporten üí™üèæ,nl,2021-04-29,Nelson Mandela Park
567,5.0,Prachtige park,nl,2020-08-14,Nelson Mandela Park
568,2.0,Dicht bij een test straat,nl,2020-11-14,Nelson Mandela Park
569,5.0,Speelterrein voor volwassenen,nl,2020-10-18,Nelson Mandela Park
570,4.0,Gezellig park,nl,2017-12-19,Nelson Mandela Park
571,5.0,Rust . ..,nl,2021-09-16,Nelson Mandela Park
572,5.0,Leukste park van amsterdam,nl,2022-07-15,Nelson Mandela Park
573,4.0,Heerlijk bijkomen!,nl,2019-02-07,Nelson Mandela Park
574,4.0,Aardige gasten top,nl,2017-10-31,Nelson Mandela Park
575,4.0,Ben ik ff in Suriname,nl,2017-01-22,Nelson Mandela Park
576,4.0,Goed georganiseerd  !!,nl,2023-08-10,Nelson Mandela Park
577,5.0,Fijne plek,nl,2022-08-11,Nelson Mandela Park
578,5.0,Prachtig park,nl,2022-11-06,Nelson Mandela Park
579,5.0,Covid Prik gehaald,nl,2021-10-02,Nelson Mandela Park
580,5.0,Makkelijk bereikbaar,nl,2019-08-01,Nelson Mandela Park
581,4.0,Mooi park midden in Amsterdam,nl,2019-08-11,Nelson Mandela Park
582,5.0,Geweldig,nl,2024-03-07,Nelson Mandela Park
583,5.0,Goed en druk,nl,2018-08-05,Nelson Mandela Park
584,5.0,Spelen met vriendenüòé,nl,2017-06-19,Nelson Mandela Park
585,5.0,Ik was bij kwaku festival,nl,2023-07-24,Nelson Mandela Park
586,3.0,Leuk trapveldje,nl,2022-05-03,Nelson Mandela Park
587,4.0,Gezellig kleurrijk,nl,2019-07-30,Nelson Mandela Park
588,4.0,Rustig en schoon.,nl,2020-03-09,Nelson Mandela Park
589,5.0,Gezellig op kwaku,nl,2019-07-13,Nelson Mandela Park
590,5.0,Lekker rustig,nl,2021-09-25,Nelson Mandela Park
591,3.0,Lekker wandelen,nl,2022-02-16,Nelson Mandela Park
592,5.0,Kwaku was fantastisch,nl,2022-08-14,Nelson Mandela Park
593,4.0,Wat een volk,nl,2019-07-20,Nelson Mandela Park
594,5.0,Gezellig üëçü§ó,nl,2019-08-03,Nelson Mandela Park
595,5.0,Gezellig park,nl,2020-08-17,Nelson Mandela Park
596,5.0,Mooi park.,nl,2021-09-01,Nelson Mandela Park
597,5.0,Lekker rustig,nl,2019-02-11,Nelson Mandela Park
598,5.0,Prachtig park,nl,2021-05-31,Nelson Mandela Park
599,4.0,Aangenaam vertoeven.,nl,2017-07-06,Nelson Mandela Park
600,5.0,Overzichtelijk en kindvriendelijk,nl,2021-01-27,Nelson Mandela Park
601,5.0,Mooie plek,nl,2022-05-17,Nelson Mandela Park
602,4.0,Altijd schoon,nl,2020-05-22,Nelson Mandela Park
603,5.0,Prachtig park,nl,2020-10-01,Nelson Mandela Park
604,5.0,Relaxed wandelen,nl,2019-04-19,Nelson Mandela Park
605,5.0,Geweldig park,nl,2020-06-10,Nelson Mandela Park
606,5.0,Rustgevend,nl,2025-02-10,Nelson Mandela Park
607,5.0,Luek ik geniet,nl,2019-07-19,Nelson Mandela Park
608,3.0,groot schoon,nl,2019-10-16,Nelson Mandela Park
609,5.0,Mooi park in Amsterdam Zuidoost,nl,2020-01-31,Nelson Mandela Park
610,5.0,Geweldig,nl,2023-05-22,Nelson Mandela Park
611,5.0,Veel groen,nl,2019-08-26,Nelson Mandela Park
612,4.0,Mooie plek,nl,2017-03-29,Nelson Mandela Park
613,5.0,Geweldig,nl,2019-09-11,Nelson Mandela Park
614,4.0,Mooi,nl,2018-05-11,Nelson Mandela Park
615,5.0,Prachtig,nl,2023-02-09,Nelson Mandela Park
616,4.0,Schoon en nettjes,nl,2019-06-01,Nelson Mandela Park
617,4.0,Goede lessen,nl,2021-03-03,Nelson Mandela Park
618,5.0,Goed,nl,2019-06-13,Nelson Mandela Park
619,4.0,Superr,nl,2019-08-21,Nelson Mandela Park
620,4.0,Mooi,nl,2019-09-09,Nelson Mandela Park
621,5.0,Leuk,nl,2019-03-15,Nelson Mandela Park
622,4.0,leuk,nl,2019-07-27,Nelson Mandela Park
623,5.0,Verassend,nl,2019-06-23,Nelson Mandela Park
624,5.0,Leuk,nl,2019-08-03,Nelson Mandela Park
625,5.0,Gezellig,nl,2018-10-15,Nelson Mandela Park
626,5.0,mooi,nl,2018-03-18,Nelson Mandela Park
627,5.0,Leuk,nl,2019-07-25,Nelson Mandela Park
628,1.0,Redelijk,nl,2018-03-01,Nelson Mandela Park
629,5.0,Kwakoe time,nl,2019-07-20,Nelson Mandela Park
630,5.0,Gezellig,nl,2018-07-23,Nelson Mandela Park
631,5.0,Prachtig,nl,2022-07-24,Nelson Mandela Park
632,5.0,Kwaku festival op het Nelson Mandelapark,nl,2018-07-15,Nelson Mandela Park
633,5.0,Mooi,nl,2017-09-10,Nelson Mandela Park
634,5.0,Rustig,nl,2022-05-25,Nelson Mandela Park
635,3.0,Druk ivm festival,nl,2019-07-27,Nelson Mandela Park
636,4.0,Gewandeld,nl,2022-02-09,Nelson Mandela Park
637,5.0,Leuk festival,nl,2018-07-28,Nelson Mandela Park
638,5.0,Geweldig,nl,2021-06-18,Nelson Mandela Park
639,3.0,Park in Amsterdam zuidoost,nl,2022-03-28,Nelson Mandela Park
640,4.0,Rustig,nl,2020-11-25,Nelson Mandela Park
641,3.0,Multicultureel,nl,2017-08-05,Nelson Mandela Park
642,5.0,Mooi,nl,2021-06-05,Nelson Mandela Park
643,5.0,Mooie sportaccommodaties,nl,2020-07-16,Nelson Mandela Park
644,5.0,Goed,nl,2020-11-18,Nelson Mandela Park
645,5.0,Prachtig,nl,2020-05-01,Nelson Mandela Park
646,5.0,leuk,nl,2020-01-12,Nelson Mandela Park
647,5.0,Mooi,nl,2020-06-13,Nelson Mandela Park
648,4.0,Netjes,nl,2019-08-04,Nelson Mandela Park
649,4.0,Leuk,nl,2020-07-05,Nelson Mandela Park
650,2.0,Zwervers,nl,2019-12-09,Nelson Mandela Park
651,1.0,Klote park,nl,2018-03-10,Nelson Mandela Park
652,4.0,Mooie plek in Amsterdam,nl,2019-03-06,Nelson Mandela Park
653,5.0,Rustgevende omgeving,nl,2019-12-15,Nelson Mandela Park
654,5.0,Mooie Park,nl,2019-09-08,Nelson Mandela Park
655,5.0,Kwakoe festival,nl,2019-07-27,Nelson Mandela Park
656,5.0,Leuke park,nl,2020-09-09,Nelson Mandela Park
657,4.0,Fantastisch,nl,2022-07-23,Nelson Mandela Park
658,5.0,Gezelligheid,nl,2019-01-30,Nelson Mandela Park
659,5.0,üèÄüèÄüèÄüèÄüèÄüèÄ,nl,2021-07-18,Nelson Mandela Park
660,5.0,Superrrrrü•∞ü•∞ü•∞ü•∞,nl,2022-05-03,Nelson Mandela Park
661,4.0,Mooie park,nl,2019-12-28,Nelson Mandela Park
662,5.0,Kwakoe terrein,nl,2021-02-03,Nelson Mandela Park
663,5.0,Rustgevend,nl,2022-02-06,Nelson Mandela Park
664,5.0,Rustgevend,nl,2021-08-14,Nelson Mandela Park
665,3.0,Aardig park,nl,2017-11-18,Nelson Mandela Park
666,5.0,"Reigersbospad, Amsterdam",nl,2020-03-07,Nelson Mandela Park
667,4.0,"Je m'y suis rendu pour la premi√®re fois pour l'√©v√©nement festival KWAKU 2025, c'√©tait mortel. Trop d'ambiances et de talents.
L'overdose de la bonne nourriture ici et l√†, piste de dance un peu partout, les forces de l'ordre (l'arm√©e et la police) √©taient tellement incroyables avec les civils, j'ai appris beaucoup de choses d'eux. Les articles africains et les jeux de soci√©t√© aussi,je suis tr√®s tr√®s bien amuser !! üòò",nl,2025-07-13,Nelson Mandela Park
668,5.0,A very serene park with lots of goose around!,nl,2025-06-14,Nelson Mandela Park
669,5.0,"A nice park for having some fun with fresh air. Theee is a nice place for bbq. Also plenty of fields for football, basketball and cricket practice as well.",nl,2024-05-06,Nelson Mandela Park
670,1.0,The beauty of the Netherlands on display. Perfect if you hate nature. Cherry on top is that you can hear the highways surrounding the park at any point during your visit!,nl,2025-01-15,Nelson Mandela Park
671,4.0,"A lovely huge park, which is connected to Arena Poort. Kids playground, sports courts (you can get free drinking water from there, with your own bottle to refill).
Good to spend time with family and friends. you can do BBQ, only the hell you gonna face is if you go with your car, they only have paid parking but they have plenty of spaces.",nl,2025-07-19,Nelson Mandela Park
672,5.0,"The most amazing park nearby! Calm and fresh. Definitely, a great place to wind up your spirit, embrace those quiet moments, as well as, catch a glimpse of those young, busy soccer players, or have your mind lost in a thought, on one of those sweet, little bridges out there. Green, juicy, watery park, gives you energy and peace, every time you visit it. Love it! <3",nl,2018-01-30,Nelson Mandela Park
673,5.0,"Spory park pe≈Çen r√≥wno≈õciƒôtej zieleni z kana≈Çami i ≈õcie≈ºkami dla spacerowicz√≥w i rowerzyst√≥w. Na terenie parku mo≈ºna spotkaƒá spacerowicz√≥w, biegaczy, rowerzyst√≥w, rodziny z dzieƒámi i indywidualnych my≈õlicieli przyby≈Çych by m√≥c odetchnƒÖƒá od betonowego zgie≈Çku, poczytaƒá ksiƒÖ≈ºkƒô czy zapaliƒá sobie spokojnie w cieniu drzewa skrƒôconego uprzednio jointa. Na terenie parku sƒÖ zainstalowane ≈Çaweczki do odpoczynku. Osoby bardziej aktywne r√≥wnie≈º znajdƒÖ co≈õ dla siebie, w postaci skateparku, boiska do gry w kosza czy chocia≈ºby wie≈ºyczki widokowej, z kt√≥rej widaƒá poka≈∫nƒÖ panowamƒô pobliskiego otoczenia.",nl,2019-06-10,Nelson Mandela Park
674,5.0,"Como todos los parques que visit√© en Alemania, muy bien cuidado, con vistas oto√±ales perfectas, agradable para caminatas cortas",nl,2025-10-12,Nelson Mandela Park
675,5.0,"Nagyon j√≥ ,,kis park"", kiv√©ve ha Kwaku banz√°j van √©s t√°rsai, mert ut√°na √∫gy levan puszt√≠tva a sz√©p z√∂ld √∂vezetes r√©sz, mintha valami puszta lenne üòê. Azon fel√ºl ha kiz√∂ldel √∫jra akkor gy√∂ny√∂r≈±!ü•∞",nl,2025-09-06,Nelson Mandela Park
676,5.0,Love this place during the Kwaku Summer Festival,nl,2025-07-13,Nelson Mandela Park
677,5.0,"Visitei esse parque durante um festival surinam√™s: o Kwaku. Nooossa, que vibe hein?! Da pra√ßa em si n√£o vi muito, pois estava rodeada de barracas e pessoas. Mas adorei muuuito o festival, o bairro, a vibe. Bairro & festa da comunidade preta ü•∞ me senti  em casa.
Com certeza irei novamente para apreciar mais a pra√ßa",nl,2022-08-05,Nelson Mandela Park
678,5.0,"The ""Bronze Faces"" monument is a magnificent ensemble of four larger-than-life bronze sculptures of human faces, each representing a different racial or ethnic group, located in South east of Amsterdam üá≥üá±. The faces are intricately crafted, with meticulous attention to detail, capturing the diverse facial features and expressions of individuals from different backgrounds. One of the aspects that struck me the most about the ""Bronze Faces"" monument is its powerful symbolism of inclusive, diversity, and equality. The artwork conveys a profound message of unity and acceptance, celebrating the beauty and richness of human diversity. It serves as a powerful reminder of the importance of embracing our differences and coming together as a harmonious and inclusive society.",nl,2022-08-20,Nelson Mandela Park
679,4.0,"Nice place to walk, play, jog and more, alone with family or friends, even space for bbq",nl,2021-01-12,Nelson Mandela Park
680,5.0,Spacious park with enough facilities to accommodate both children and adults. This park is located in Amsterdam South East which is not too far from the Bijlmer Arena station.,nl,2018-06-22,Nelson Mandela Park
681,5.0,"This park is in a very nice setting, lots of greenery  and located in Amsterdam South-East. How to get there with public transport: if you are departing from ""Amsterdam Bijlmer Arena"" station"" Take the bus 47 or bus 66 and alight in "" Anton de Komplein"" walk towards the park will take 5 minutes.                                 The park has a lot of facilities:  There is 1 very big Barbecue grill stove in the park free of charge.    There is freeWifi, basketballcourt, skateboard area, Football field,Track and field, kidspark with water tap. You can jog or skate in the park. This is the ultimate all in one park",nl,2018-06-26,Nelson Mandela Park
682,5.0,The venue is very well organised and I love the ambience for the kwaku festival. Or any other event that the park would host.,nl,2019-07-15,Nelson Mandela Park
683,5.0,Quite big park . Good for people and dogs. Both can run and walk  in Mandelapark.,nl,2022-08-06,Nelson Mandela Park
684,5.0,Very clean and well organized park. Very suitable for children.,nl,2022-04-16,Nelson Mandela Park
685,5.0,"A lovely park to go for a morning run .

There's lots of wildlife that live in the park so if you go early you may see some hares . Very green with a perfect mix of ponds , there are also two tall viewpoints on the edge of the park",nl,2025-03-06,Nelson Mandela Park
686,4.0,Nice clean park that has events sometimes,nl,2025-08-03,Nelson Mandela Park
687,5.0,A rare park which isnt crowded in Amsterdam. Pitches for all sports and a skate park too. Must visit if need of a place to play on your own.,nl,2024-03-19,Nelson Mandela Park
688,5.0,Excelente lugar... Bailamos con Gente de Zona de mi cuba hermosa !!!!!üíïüíïüíïü§©ü§©ü§©,nl,2023-07-26,Nelson Mandela Park
689,5.0,"2024 Kweku Festival at Nelson Mandela Park in Amsterdam is amazing with beautiful memories.

Don't go there looking for relationships. Be open minded and go have fun.

Kweku Festival which takes place at Mandela parküèû  is safe and peaceful. Be there...",nl,2024-07-31,Nelson Mandela Park
690,5.0,"Vast area just a walking distance from Bijlmer Arena, and it hosts Kwaku festival once a year among other events. Connectivity and accessibilty ro Mandelapark is very good as it also provides ample space for car and bike parking.
After a hiatus of 2 years due to Covid, it was back this year with good line up of artists, foods and stalls.",nl,2018-08-26,Nelson Mandela Park
691,3.0,"Die Br√ºcke sind ganz cool anzusehen, aber ansich ist der Park ziemlich langweilig und √§hnelt einem Labyrinth, vorallem mit den aktuellen Baustellen :(",nl,2024-02-27,Nelson Mandela Park
692,4.0,Nuevamente en √Åmsterdam y nuevamente en un concierto. Esta vez con Gente de zona. Seguridad muy bien. Organizaci√≥n muy bien. Nos ha gustado y regresaremos cada vez que haya un concierto latino.,nl,2023-07-22,Nelson Mandela Park
